{
  "type": "FeatureCollection",
  "name": "nairobi_subcounties",
  "crs": {
    "type": "name",
    "properties": {
      "name": "EPSG:4326"
    }
  },
  "features": [
    {
      "type": "Feature",
      "properties": {
        "county_code": 47,
        "county_name": "Nairobi",
        "subcounty_name": "Dagoretti North",
        "expected_ward_count": 5,
        "source_subcounty_name": "DAGORETTI NORTH",
        "source_dataset": "HDX Kenya Elections constituencies.zip",
        "source_crs": "EPSG:4326",
        "output_crs": "EPSG:4326"
      },
      "geometry": {
        "type": "Polygon",
        "coordinates": [
          [
            [
              36.792143154797564,
              -1.260847108477478
            ],
            [
              36.792903469797544,
              -1.261056850477516
            ],
            [
              36.79495538979753,
              -1.261056850477516
            ],
            [
              36.799318145797564,
              -1.261652360477499
            ],
            [
              36.80794870279757,
              -1.271528094477489
            ],
            [
              36.809842594797566,
              -1.273084630477499
            ],
            [
              36.81134082779757,
              -1.27398648047749
            ],
            [
              36.812362133797556,
              -1.275063610477489
            ],
            [
              36.813686788797575,
              -1.277876282477493
            ],
            [
              36.814013513797555,
              -1.280031954477508
            ],
            [
              36.81428341579757,
              -1.280759981477488
            ],
            [
              36.81652076879757,
              -1.285582719477461
            ],
            [
              36.82031361479758,
              -1.293125794477462
            ],
            [
              36.815036302797544,
              -1.294173443477505
            ],
            [
              36.81446098379754,
              -1.294464654477495
            ],
            [
              36.81387145879753,
              -1.295064833477497
            ],
            [
              36.81239054479757,
              -1.295540715477487
            ],
            [
              36.811101403797544,
              -1.295682769477466
            ],
            [
              36.80984548879754,
              -1.295613317477475
            ],
            [
              36.80721577379753,
              -1.297289168477491
            ],
            [
              36.796248963797574,
              -1.299391886477495
            ],
            [
              36.79325035079753,
              -1.299729164477512
            ],
            [
              36.77219788779754,
              -1.300384862477515
            ],
            [
              36.769052032797525,
              -1.300321203477481
            ],
            [
              36.75708399079755,
              -1.297833165477514
            ],
            [
              36.75601768979757,
              -1.296613019477477
            ],
            [
              36.75441027979755,
              -1.294305352477509
            ],
            [
              36.753338672797575,
              -1.293318625477511
            ],
            [
              36.752649025797574,
              -1.292979106477489
            ],
            [
              36.747726000797535,
              -1.291668775477476
            ],
            [
              36.74472338079757,
              -1.289764286477507
            ],
            [
              36.74053244379754,
              -1.286522942477504
            ],
            [
              36.73757226379754,
              -1.284639673477486
            ],
            [
              36.736622671797555,
              -1.281366498477482
            ],
            [
              36.73569429979758,
              -1.279557499477491
            ],
            [
              36.73528051079753,
              -1.277302881477497
            ],
            [
              36.733895909797546,
              -1.275859925477491
            ],
            [
              36.73366249079756,
              -1.275419612477478
            ],
            [
              36.734459993797564,
              -1.275360473477506
            ],
            [
              36.73525273679754,
              -1.275737026477473
            ],
            [
              36.73595959879756,
              -1.27635800747747
            ],
            [
              36.73643524379755,
              -1.2764306754775
            ],
            [
              36.73667967279757,
              -1.276655286477464
            ],
            [
              36.73668627979756,
              -1.277137537477515
            ],
            [
              36.73794806079754,
              -1.277983129477477
            ],
            [
              36.73949390879758,
              -1.278082222477494
            ],
            [
              36.74119169979755,
              -1.277580152477512
            ],
            [
              36.741799468797545,
              -1.277236630477475
            ],
            [
              36.743497258797525,
              -1.27684686547751
            ],
            [
              36.74430736679758,
              -1.275848214477478
            ],
            [
              36.745447355797545,
              -1.27498848947748
            ],
            [
              36.74581851479754,
              -1.274882443477495
            ],
            [
              36.74739025979758,
              -1.275174068477484
            ],
            [
              36.747795504797544,
              -1.275041512477501
            ],
            [
              36.74901502679753,
              -1.274162849477464
            ],
            [
              36.749352099797555,
              -1.274166637477479
            ],
            [
              36.75023454979756,
              -1.27438630247751
            ],
            [
              36.75055647279756,
              -1.274927891477475
            ],
            [
              36.75120578679755,
              -1.275101758477476
            ],
            [
              36.75417979779754,
              -1.273531683477515
            ],
            [
              36.75502912079755,
              -1.273487807477509
            ],
            [
              36.755552503797524,
              -1.273835685477466
            ],
            [
              36.75599126879754,
              -1.273835685477466
            ],
            [
              36.756426898797564,
              -1.273550488477483
            ],
            [
              36.75756141779757,
              -1.273779272477484
            ],
            [
              36.75817568879753,
              -1.27334677647751
            ],
            [
              36.75883021979754,
              -1.272149866477478
            ],
            [
              36.75883021979754,
              -1.2719582864775
            ],
            [
              36.75822583279753,
              -1.271710811477462
            ],
            [
              36.758178822797525,
              -1.27110594347748
            ],
            [
              36.75922558879753,
              -1.270842684477473
            ],
            [
              36.76028489179756,
              -1.270266023477504
            ],
            [
              36.76076126479753,
              -1.270394518477517
            ],
            [
              36.760739473797535,
              -1.270986327477474
            ],
            [
              36.76222824779753,
              -1.270345507477473
            ],
            [
              36.76037051679756,
              -1.267827537477487
            ],
            [
              36.75995624879757,
              -1.267523309477483
            ],
            [
              36.75866813579753,
              -1.26701842047747
            ],
            [
              36.757179360797544,
              -1.267063731477478
            ],
            [
              36.75613721979757,
              -1.266688301477516
            ],
            [
              36.75514686079756,
              -1.265956859477499
            ],
            [
              36.75459018879754,
              -1.26574325347751
            ],
            [
              36.75346389879754,
              -1.264189749477496
            ],
            [
              36.758428636797554,
              -1.26378842747748
            ],
            [
              36.76408597879756,
              -1.263018148477486
            ],
            [
              36.76561359079758,
              -1.26246147647747
            ],
            [
              36.76806683179753,
              -1.260791460477478
            ],
            [
              36.77956275879753,
              -1.258797797477471
            ],
            [
              36.784760522797534,
              -1.259451563477498
            ],
            [
              36.79015894779754,
              -1.26035777447747
            ],
            [
              36.792143154797564,
              -1.260847108477478
            ]
          ]
        ]
      }
    },
    {
      "type": "Feature",
      "properties": {
        "county_code": 47,
        "county_name": "Nairobi",
        "subcounty_name": "Dagoretti South",
        "expected_ward_count": 5,
        "source_subcounty_name": "DAGORETTI SOUTH",
        "source_dataset": "HDX Kenya Elections constituencies.zip",
        "source_crs": "EPSG:4326",
        "output_crs": "EPSG:4326"
      },
      "geometry": {
        "type": "Polygon",
        "coordinates": [
          [
            [
              36.71819338479755,
              -1.262434261477481
            ],
            [
              36.720130320797544,
              -1.264441606477462
            ],
            [
              36.720130320797544,
              -1.264831328477485
            ],
            [
              36.72077985679757,
              -1.265137238477494
            ],
            [
              36.72063318779757,
              -1.265434767477516
            ],
            [
              36.72087204979757,
              -1.265832870477468
            ],
            [
              36.721454536797545,
              -1.265929253477495
            ],
            [
              36.72429154179755,
              -1.268447777477477
            ],
            [
              36.72716207279753,
              -1.270279049477481
            ],
            [
              36.72957583179757,
              -1.272303087477483
            ],
            [
              36.73045165779754,
              -1.272847859477495
            ],
            [
              36.73224940579754,
              -1.273459680477501
            ],
            [
              36.732861226797546,
              -1.274565987477488
            ],
            [
              36.733640670797534,
              -1.275387336477465
            ],
            [
              36.733843580797576,
              -1.275805458477507
            ],
            [
              36.735227471797565,
              -1.277213196477462
            ],
            [
              36.735872601797574,
              -1.280133259477495
            ],
            [
              36.736619594797524,
              -1.281304680477476
            ],
            [
              36.73672145779758,
              -1.282153536477481
            ],
            [
              36.73758728979757,
              -1.28463219447751
            ],
            [
              36.74062619379756,
              -1.286584562477501
            ],
            [
              36.744717677797574,
              -1.289776260477467
            ],
            [
              36.74777355779755,
              -1.291660719477463
            ],
            [
              36.752629012797534,
              -1.292967957477501
            ],
            [
              36.75325716579757,
              -1.293273545477505
            ],
            [
              36.75441160879753,
              -1.294309149477485
            ],
            [
              36.75599048079757,
              -1.296584082477509
            ],
            [
              36.75712794779755,
              -1.297840388477468
            ],
            [
              36.761202454797534,
              -1.2986722674775
            ],
            [
              36.743919753797535,
              -1.305344272477484
            ],
            [
              36.740677124797536,
              -1.306074288477462
            ],
            [
              36.73863987079758,
              -1.306210105477462
            ],
            [
              36.731832048797536,
              -1.308603878477513
            ],
            [
              36.73167925479756,
              -1.304070989477495
            ],
            [
              36.730915284797526,
              -1.302152575477507
            ],
            [
              36.73765519879756,
              -1.300522772477493
            ],
            [
              36.73772310679757,
              -1.298264816477499
            ],
            [
              36.73721379379756,
              -1.297144327477483
            ],
            [
              36.73682331979753,
              -1.296736876477482
            ],
            [
              36.73319021779755,
              -1.2959389524775
            ],
            [
              36.727282182797545,
              -1.296804784477488
            ],
            [
              36.724069220797524,
              -1.303369406477473
            ],
            [
              36.71966350279754,
              -1.302274380477499
            ],
            [
              36.71652570979753,
              -1.301256198477504
            ],
            [
              36.70912307779755,
              -1.297663745477494
            ],
            [
              36.70733645679754,
              -1.305213660477464
            ],
            [
              36.705812385797536,
              -1.305027954477496
            ],
            [
              36.705280881797556,
              -1.304694964477492
            ],
            [
              36.70174606179753,
              -1.30094882247748
            ],
            [
              36.700471732797574,
              -1.300571007477501
            ],
            [
              36.697999919797574,
              -1.299149394477511
            ],
            [
              36.695444859797554,
              -1.298176038477479
            ],
            [
              36.69468282379753,
              -1.297586901477516
            ],
            [
              36.69425377879755,
              -1.297497250477463
            ],
            [
              36.693696660797535,
              -1.297811029477473
            ],
            [
              36.692876991797526,
              -1.297926295477496
            ],
            [
              36.69224302979753,
              -1.297311543477506
            ],
            [
              36.69164108579755,
              -1.297484442477512
            ],
            [
              36.690546059797576,
              -1.297426809477472
            ],
            [
              36.69015463579753,
              -1.297685757477482
            ],
            [
              36.68989448679755,
              -1.297665746477478
            ],
            [
              36.68930414979754,
              -1.297005368477514
            ],
            [
              36.68791335479758,
              -1.296575122477507
            ],
            [
              36.68743307979755,
              -1.296174894477517
            ],
            [
              36.68523182179754,
              -1.300707485477503
            ],
            [
              36.67868808179755,
              -1.300917605477466
            ],
            [
              36.67913870679754,
              -1.300152260477475
            ],
            [
              36.68057661679753,
              -1.299150081477464
            ],
            [
              36.681317357797546,
              -1.299052042477499
            ],
            [
              36.68196006079753,
              -1.29748341347748
            ],
            [
              36.68335439679756,
              -1.294879924477514
            ],
            [
              36.68521714379752,
              -1.289476869477469
            ],
            [
              36.686110390797545,
              -1.288028066477509
            ],
            [
              36.68625200379753,
              -1.286884274477516
            ],
            [
              36.68696006479754,
              -1.2848472354775
            ],
            [
              36.68978141879753,
              -1.282134814477488
            ],
            [
              36.69009732279758,
              -1.281426752477487
            ],
            [
              36.69003196379756,
              -1.279901696477495
            ],
            [
              36.68987945779755,
              -1.279465966477503
            ],
            [
              36.689040676797525,
              -1.278801477477473
            ],
            [
              36.68886638479753,
              -1.278485573477483
            ],
            [
              36.68917139579755,
              -1.276742652477467
            ],
            [
              36.68910603679753,
              -1.276437641477501
            ],
            [
              36.68825636279754,
              -1.275326528477465
            ],
            [
              36.68812564379757,
              -1.274912585477509
            ],
            [
              36.68826725579756,
              -1.274640253477501
            ],
            [
              36.69056573279757,
              -1.275849405477502
            ],
            [
              36.69132826079757,
              -1.276089056477517
            ],
            [
              36.69191649679757,
              -1.275947444477467
            ],
            [
              36.69212346879757,
              -1.275631540477477
            ],
            [
              36.69205810879756,
              -1.275032411477512
            ],
            [
              36.69078359779754,
              -1.272766613477515
            ],
            [
              36.69076181179755,
              -1.271764434477504
            ],
            [
              36.691132182797524,
              -1.271296024477508
            ],
            [
              36.69180756479758,
              -1.270991012477496
            ],
            [
              36.692591878797565,
              -1.270838507477479
            ],
            [
              36.69529340679755,
              -1.270849400477502
            ],
            [
              36.69540233879754,
              -1.270696894477496
            ],
            [
              36.69519536679754,
              -1.270304737477475
            ],
            [
              36.694040681797524,
              -1.26941149047751
            ],
            [
              36.69373567079756,
              -1.268801468477463
            ],
            [
              36.69619754679754,
              -1.269073799477483
            ],
            [
              36.696796675797565,
              -1.268986653477484
            ],
            [
              36.69722151279753,
              -1.268550923477492
            ],
            [
              36.697428484797534,
              -1.267886434477461
            ],
            [
              36.69730865879753,
              -1.267352665477504
            ],
            [
              36.696731316797546,
              -1.266775322477472
            ],
            [
              36.695391445797576,
              -1.265936541477502
            ],
            [
              36.693746563797525,
              -1.264346126477492
            ],
            [
              36.693702990797554,
              -1.263899502477486
            ],
            [
              36.69478142379753,
              -1.263540025477469
            ],
            [
              36.69560931079754,
              -1.262113008477499
            ],
            [
              36.69549537179753,
              -1.261591178477474
            ],
            [
              36.69438634879756,
              -1.260802208477501
            ],
            [
              36.69432680379756,
              -1.260489598477463
            ],
            [
              36.69470640179755,
              -1.260139771477484
            ],
            [
              36.69699888079756,
              -1.260147214477499
            ],
            [
              36.69822699479757,
              -1.260712891477497
            ],
            [
              36.70115213779754,
              -1.262491795477488
            ],
            [
              36.701494520797574,
              -1.262231286477502
            ],
            [
              36.701688041797546,
              -1.2611892504775
            ],
            [
              36.70325109479753,
              -1.258323652477472
            ],
            [
              36.70718105879754,
              -1.259440119477504
            ],
            [
              36.71624293679755,
              -1.260864089477466
            ],
            [
              36.71674588179754,
              -1.261072627477504
            ],
            [
              36.71819338479755,
              -1.262434261477481
            ]
          ]
        ]
      }
    },
    {
      "type": "Feature",
      "properties": {
        "county_code": 47,
        "county_name": "Nairobi",
        "subcounty_name": "Embakasi Central",
        "expected_ward_count": 5,
        "source_subcounty_name": "EMBAKASI CENTRAL",
        "source_dataset": "HDX Kenya Elections constituencies.zip",
        "source_crs": "EPSG:4326",
        "output_crs": "EPSG:4326"
      },
      "geometry": {
        "type": "Polygon",
        "coordinates": [
          [
            [
              36.93832905579753,
              -1.265873177477474
            ],
            [
              36.93806383779755,
              -1.266167863477492
            ],
            [
              36.93755039579755,
              -1.266232043477473
            ],
            [
              36.935560808797526,
              -1.265991368477487
            ],
            [
              36.93434138379754,
              -1.266039503477473
            ],
            [
              36.93350704079753,
              -1.267034296477491
            ],
            [
              36.933073823797564,
              -1.267242882477476
            ],
            [
              36.93230366079754,
              -1.266681305477491
            ],
            [
              36.931693948797566,
              -1.266536900477477
            ],
            [
              36.93006697979754,
              -1.266565139477493
            ],
            [
              36.92920439779757,
              -1.267294226477461
            ],
            [
              36.92823912679753,
              -1.266924548477491
            ],
            [
              36.92747923279753,
              -1.266965624477493
            ],
            [
              36.92548707779755,
              -1.267828206477461
            ],
            [
              36.92509686179758,
              -1.268146540477503
            ],
            [
              36.925076323797576,
              -1.268783208477473
            ],
            [
              36.92549734679758,
              -1.2692863814775
            ],
            [
              36.92533304479755,
              -1.270169501477469
            ],
            [
              36.92460395779758,
              -1.270847245477498
            ],
            [
              36.92153357479756,
              -1.272192463477481
            ],
            [
              36.92099959479756,
              -1.272592947477492
            ],
            [
              36.92075314279756,
              -1.273157733477476
            ],
            [
              36.92061964779756,
              -1.274995856477503
            ],
            [
              36.92092771279757,
              -1.276382149477499
            ],
            [
              36.92134873579757,
              -1.276895591477498
            ],
            [
              36.92140007979756,
              -1.277275538477497
            ],
            [
              36.92086609979756,
              -1.277645216477467
            ],
            [
              36.919695452797576,
              -1.277634947477495
            ],
            [
              36.919110128797534,
              -1.277973819477481
            ],
            [
              36.91829889079755,
              -1.278805595477465
            ],
            [
              36.918339965797564,
              -1.280397265477504
            ],
            [
              36.917847061797566,
              -1.281608988477487
            ],
            [
              36.918072975797564,
              -1.281988935477486
            ],
            [
              36.918750719797536,
              -1.282225118477513
            ],
            [
              36.918740450797564,
              -1.282841248477482
            ],
            [
              36.918196201797535,
              -1.284586951477465
            ],
            [
              36.917046091797566,
              -1.285891093477503
            ],
            [
              36.91652238179753,
              -1.287205505477502
            ],
            [
              36.91542361579754,
              -1.287636796477486
            ],
            [
              36.91523877679756,
              -1.2882323894775
            ],
            [
              36.91538254079753,
              -1.288725293477498
            ],
            [
              36.91612189679753,
              -1.289690564477482
            ],
            [
              36.916101358797526,
              -1.290070511477481
            ],
            [
              36.91514635679757,
              -1.291015244477464
            ],
            [
              36.91434538779756,
              -1.291374653477462
            ],
            [
              36.91379087079755,
              -1.291436266477476
            ],
            [
              36.91300016979758,
              -1.291241158477462
            ],
            [
              36.912548340797535,
              -1.290881749477464
            ],
            [
              36.906633489797535,
              -1.279924898477461
            ],
            [
              36.908513265797545,
              -1.278196501477496
            ],
            [
              36.90998629779752,
              -1.276452120477515
            ],
            [
              36.91186225379757,
              -1.274142258477511
            ],
            [
              36.91518358179754,
              -1.269425011477481
            ],
            [
              36.91757429579754,
              -1.266857801477486
            ],
            [
              36.92079935279755,
              -1.263985735477477
            ],
            [
              36.924168815797564,
              -1.26132225547751
            ],
            [
              36.92680020579754,
              -1.258514369477482
            ],
            [
              36.92692856579756,
              -1.257166584477475
            ],
            [
              36.92657557479756,
              -1.25625201647749
            ],
            [
              36.93419697879752,
              -1.253155319477501
            ],
            [
              36.938593324797544,
              -1.26502866447747
            ],
            [
              36.93876982079754,
              -1.265590241477512
            ],
            [
              36.93832905579753,
              -1.265873177477474
            ]
          ]
        ]
      }
    },
    {
      "type": "Feature",
      "properties": {
        "county_code": 47,
        "county_name": "Nairobi",
        "subcounty_name": "Embakasi East",
        "expected_ward_count": 5,
        "source_subcounty_name": "EMBAKASI EAST",
        "source_dataset": "HDX Kenya Elections constituencies.zip",
        "source_crs": "EPSG:4326",
        "output_crs": "EPSG:4326"
      },
      "geometry": {
        "type": "Polygon",
        "coordinates": [
          [
            [
              36.93964306379754,
              -1.260080891477501
            ],
            [
              36.96810987879754,
              -1.260911263477496
            ],
            [
              36.98062032079755,
              -1.268901238477483
            ],
            [
              36.990932100797544,
              -1.283368914477464
            ],
            [
              36.97433053879754,
              -1.289716570477467
            ],
            [
              36.97732126079753,
              -1.296857683477513
            ],
            [
              36.984340303797545,
              -1.314924090477505
            ],
            [
              36.97414743279753,
              -1.337140887477503
            ],
            [
              36.96694528479755,
              -1.353315203477493
            ],
            [
              36.963710420797575,
              -1.351423113477481
            ],
            [
              36.96114694479754,
              -1.348554461477463
            ],
            [
              36.93453561679754,
              -1.338849871477507
            ],
            [
              36.91591989379756,
              -1.355939715477505
            ],
            [
              36.90810739379756,
              -1.362653582477478
            ],
            [
              36.90011178879754,
              -1.355634539477464
            ],
            [
              36.89553415179753,
              -1.350446551477476
            ],
            [
              36.88192331179757,
              -1.336225359477496
            ],
            [
              36.89156686679754,
              -1.328840105477511
            ],
            [
              36.89992868279753,
              -1.323957293477506
            ],
            [
              36.88910801279754,
              -1.306294265477491
            ],
            [
              36.888527834797536,
              -1.30503300847748
            ],
            [
              36.88786357279755,
              -1.302804788477474
            ],
            [
              36.886291205797555,
              -1.294951363477467
            ],
            [
              36.88901552079758,
              -1.293765782477508
            ],
            [
              36.89289178279753,
              -1.291428253477463
            ],
            [
              36.89899626479754,
              -1.286114158477503
            ],
            [
              36.89934941679754,
              -1.284810860477464
            ],
            [
              36.89973620179753,
              -1.284222273477483
            ],
            [
              36.90268754279756,
              -1.282027687477509
            ],
            [
              36.90433558479756,
              -1.281338200477464
            ],
            [
              36.90663947979757,
              -1.27991718447747
            ],
            [
              36.91256738679757,
              -1.2908817084775
            ],
            [
              36.91299621379758,
              -1.291243269477477
            ],
            [
              36.91375296779753,
              -1.291436661477505
            ],
            [
              36.91435837079754,
              -1.291352578477515
            ],
            [
              36.91514034979755,
              -1.290999426477513
            ],
            [
              36.91609890479756,
              -1.290057687477472
            ],
            [
              36.916115721797574,
              -1.289687719477499
            ],
            [
              36.915375784797526,
              -1.288703939477486
            ],
            [
              36.915224433797526,
              -1.288241478477503
            ],
            [
              36.91539260179754,
              -1.287636075477494
            ],
            [
              36.91651932379752,
              -1.287215656477472
            ],
            [
              36.917023826797525,
              -1.285920766477475
            ],
            [
              36.918175774797554,
              -1.284634284477463
            ],
            [
              36.918419617797575,
              -1.284104556477516
            ],
            [
              36.91879799479758,
              -1.282431289477515
            ],
            [
              36.918739135797544,
              -1.282204263477511
            ],
            [
              36.91806646579757,
              -1.281994053477476
            ],
            [
              36.91786466479757,
              -1.281624085477504
            ],
            [
              36.91836075879754,
              -1.280270336477472
            ],
            [
              36.91829349179758,
              -1.278782053477514
            ],
            [
              36.91968087379754,
              -1.277638514477517
            ],
            [
              36.92085804679757,
              -1.277655330477487
            ],
            [
              36.92137936679753,
              -1.277293770477499
            ],
            [
              36.92135414079754,
              -1.276915393477495
            ],
            [
              36.92090008879753,
              -1.276343623477473
            ],
            [
              36.920631020797565,
              -1.274981466477513
            ],
            [
              36.92075714679756,
              -1.273148440477471
            ],
            [
              36.92100098979753,
              -1.272585079477481
            ],
            [
              36.92254813079753,
              -1.271710607477516
            ],
            [
              36.92462499979754,
              -1.270852953477502
            ],
            [
              36.92532289579756,
              -1.270155057477482
            ],
            [
              36.92550787979754,
              -1.269675780477471
            ],
            [
              36.92549947179756,
              -1.269305811477509
            ],
            [
              36.92507064379756,
              -1.268792900477465
            ],
            [
              36.925079052797535,
              -1.268170680477497
            ],
            [
              36.92548265479754,
              -1.26785116247747
            ],
            [
              36.92749225679753,
              -1.266968282477464
            ],
            [
              36.92827423579754,
              -1.266926240477503
            ],
            [
              36.92919074879753,
              -1.267313026477482
            ],
            [
              36.93001476979756,
              -1.266589905477517
            ],
            [
              36.931679628797575,
              -1.266514230477512
            ],
            [
              36.932335482797576,
              -1.266716031477515
            ],
            [
              36.933050194797566,
              -1.267237350477487
            ],
            [
              36.93349583879753,
              -1.267077591477503
            ],
            [
              36.93433667679758,
              -1.266051769477472
            ],
            [
              36.93553907479755,
              -1.265984502477509
            ],
            [
              36.93805317879755,
              -1.266194712477486
            ],
            [
              36.938793116797534,
              -1.265580900477503
            ],
            [
              36.93678324779753,
              -1.260062413477485
            ],
            [
              36.93964306379754,
              -1.260080891477501
            ]
          ]
        ]
      }
    },
    {
      "type": "Feature",
      "properties": {
        "county_code": 47,
        "county_name": "Nairobi",
        "subcounty_name": "Embakasi North",
        "expected_ward_count": 5,
        "source_subcounty_name": "EMBAKASI NORTH",
        "source_dataset": "HDX Kenya Elections constituencies.zip",
        "source_crs": "EPSG:4326",
        "output_crs": "EPSG:4326"
      },
      "geometry": {
        "type": "Polygon",
        "coordinates": [
          [
            [
              36.91396356779753,
              -1.23796273147751
            ],
            [
              36.914032962797556,
              -1.23813390747749
            ],
            [
              36.91468385179754,
              -1.238030226477506
            ],
            [
              36.91524833979755,
              -1.238329750477462
            ],
            [
              36.91632547379756,
              -1.239366564477493
            ],
            [
              36.91741412879755,
              -1.239493286477498
            ],
            [
              36.919155815797545,
              -1.240997636477502
            ],
            [
              36.91961956679753,
              -1.241113574477467
            ],
            [
              36.92093516779757,
              -1.241070363477477
            ],
            [
              36.92270469879755,
              -1.240039374477462
            ],
            [
              36.92339674379755,
              -1.240004771477502
            ],
            [
              36.92402902079757,
              -1.240517514477503
            ],
            [
              36.92486891179757,
              -1.241609057477476
            ],
            [
              36.92632535179754,
              -1.241741175477487
            ],
            [
              36.92689786179758,
              -1.241316511477507
            ],
            [
              36.92771887279755,
              -1.241162374477469
            ],
            [
              36.928184435797526,
              -1.240570990477508
            ],
            [
              36.92859022579753,
              -1.240369668477499
            ],
            [
              36.929250813797545,
              -1.240177783477507
            ],
            [
              36.93113191779755,
              -1.240162054477466
            ],
            [
              36.927366564797545,
              -1.242565337477501
            ],
            [
              36.92655498479754,
              -1.242854738477476
            ],
            [
              36.92584091979753,
              -1.24287361247751
            ],
            [
              36.92156282479757,
              -1.242213024477494
            ],
            [
              36.92067574879754,
              -1.242341996477464
            ],
            [
              36.92019678279754,
              -1.24268573547748
            ],
            [
              36.919628042797534,
              -1.242820881477471
            ],
            [
              36.917651531797524,
              -1.242871561477486
            ],
            [
              36.916469003797566,
              -1.243671175477502
            ],
            [
              36.91492045579755,
              -1.245658948477499
            ],
            [
              36.91392938479756,
              -1.246295261477471
            ],
            [
              36.91283132279758,
              -1.246143221477482
            ],
            [
              36.91230763179757,
              -1.246728854477496
            ],
            [
              36.91073655879753,
              -1.246993515477513
            ],
            [
              36.908540435797555,
              -1.248941871477471
            ],
            [
              36.90745363579756,
              -1.249572552477489
            ],
            [
              36.90708761579756,
              -1.250186341477488
            ],
            [
              36.90390605279756,
              -1.25205023047748
            ],
            [
              36.90323032179756,
              -1.253840915477483
            ],
            [
              36.90300507879757,
              -1.254077421477505
            ],
            [
              36.902746048797574,
              -1.255541503477489
            ],
            [
              36.90239129079756,
              -1.25575548447749
            ],
            [
              36.89942370879756,
              -1.256712769477517
            ],
            [
              36.89753729479755,
              -1.25696616847749
            ],
            [
              36.89365747679758,
              -1.258368308477472
            ],
            [
              36.89074057479754,
              -1.260220935477478
            ],
            [
              36.88914697779753,
              -1.260795306477505
            ],
            [
              36.88701279579757,
              -1.261364045477464
            ],
            [
              36.88305977379755,
              -1.262073562477483
            ],
            [
              36.878909663797536,
              -1.262467738477469
            ],
            [
              36.87840695979755,
              -1.252399766477467
            ],
            [
              36.877838118797534,
              -1.249076043477473
            ],
            [
              36.87944591679754,
              -1.248812778477472
            ],
            [
              36.880150872797536,
              -1.249399203477467
            ],
            [
              36.880599616797575,
              -1.249500532477484
            ],
            [
              36.88106283679755,
              -1.249153117477463
            ],
            [
              36.88151158079753,
              -1.248407623477462
            ],
            [
              36.88366120879757,
              -1.249355776477487
            ],
            [
              36.884399465797536,
              -1.2491965444775
            ],
            [
              36.88524628879755,
              -1.248588568477473
            ],
            [
              36.885904929797526,
              -1.248726087477494
            ],
            [
              36.88625234379756,
              -1.249109690477483
            ],
            [
              36.88654185679754,
              -1.24923997147748
            ],
            [
              36.88674615479757,
              -1.249112518477475
            ],
            [
              36.88968930279756,
              -1.254590105477505
            ],
            [
              36.89010188779755,
              -1.254648320477472
            ],
            [
              36.890480469797545,
              -1.254511181477469
            ],
            [
              36.89081462579755,
              -1.253777196477515
            ],
            [
              36.89273264479757,
              -1.253273064477512
            ],
            [
              36.893599905797565,
              -1.252560326477508
            ],
            [
              36.893677167797556,
              -1.252150840477484
            ],
            [
              36.89299533379758,
              -1.250283041477517
            ],
            [
              36.892962497797576,
              -1.249421575477513
            ],
            [
              36.89354002779756,
              -1.248842113477494
            ],
            [
              36.893694550797555,
              -1.248204705477506
            ],
            [
              36.894530907797524,
              -1.24822402047748
            ],
            [
              36.895011860797545,
              -1.247957468477509
            ],
            [
              36.89524557779756,
              -1.24588299447747
            ],
            [
              36.89617271679756,
              -1.245884926477502
            ],
            [
              36.89653970879757,
              -1.245691772477514
            ],
            [
              36.896207483797546,
              -1.244225734477468
            ],
            [
              36.89630985579756,
              -1.243621162477482
            ],
            [
              36.89791496479753,
              -1.243464707477515
            ],
            [
              36.89907968279757,
              -1.243161455477477
            ],
            [
              36.89965528179757,
              -1.242746174477461
            ],
            [
              36.900035464797575,
              -1.242134945477503
            ],
            [
              36.901132436797546,
              -1.241704693477502
            ],
            [
              36.90174190379755,
              -1.241759765477511
            ],
            [
              36.90203195179756,
              -1.242204015477498
            ],
            [
              36.90234769979755,
              -1.242204015477498
            ],
            [
              36.90255697479753,
              -1.241664306477489
            ],
            [
              36.90220818279757,
              -1.239901992477471
            ],
            [
              36.90310035479754,
              -1.239597258477474
            ],
            [
              36.90387503879756,
              -1.238800545477475
            ],
            [
              36.90419078679755,
              -1.238686729477465
            ],
            [
              36.90519310379758,
              -1.239171365477475
            ],
            [
              36.90610363279753,
              -1.238980448477478
            ],
            [
              36.90710227779757,
              -1.238165377477501
            ],
            [
              36.907858604797546,
              -1.237970788477512
            ],
            [
              36.90863328879757,
              -1.237989146477489
            ],
            [
              36.909903623797526,
              -1.238569241477464
            ],
            [
              36.91297886879757,
              -1.237523339477477
            ],
            [
              36.91372767879758,
              -1.237523339477477
            ],
            [
              36.91396356779753,
              -1.23796273147751
            ]
          ]
        ]
      }
    },
    {
      "type": "Feature",
      "properties": {
        "county_code": 47,
        "county_name": "Nairobi",
        "subcounty_name": "Embakasi South",
        "expected_ward_count": 5,
        "source_subcounty_name": "EMBAKASI SOUTH",
        "source_dataset": "HDX Kenya Elections constituencies.zip",
        "source_crs": "EPSG:4326",
        "output_crs": "EPSG:4326"
      },
      "geometry": {
        "type": "Polygon",
        "coordinates": [
          [
            [
              36.889819532797524,
              -1.307413679477506
            ],
            [
              36.895713818797525,
              -1.317268594477512
            ],
            [
              36.89992515479755,
              -1.323959353477492
            ],
            [
              36.89156686679754,
              -1.328840105477511
            ],
            [
              36.88192331179757,
              -1.336225359477496
            ],
            [
              36.89553415179753,
              -1.350446551477476
            ],
            [
              36.90011178879754,
              -1.355634539477464
            ],
            [
              36.90810739379756,
              -1.362653582477478
            ],
            [
              36.906337374797566,
              -1.364362566477482
            ],
            [
              36.914149874797566,
              -1.373273699477509
            ],
            [
              36.90810739379756,
              -1.372846453477493
            ],
            [
              36.90072213979757,
              -1.364972918477506
            ],
            [
              36.89553415179753,
              -1.359052508477462
            ],
            [
              36.89290963979757,
              -1.361127703477493
            ],
            [
              36.884730928797545,
              -1.351728289477464
            ],
            [
              36.88235055779753,
              -1.349347918477506
            ],
            [
              36.873744600797544,
              -1.343549578477493
            ],
            [
              36.862147920797575,
              -1.336347430477517
            ],
            [
              36.85177103879757,
              -1.329447486477463
            ],
            [
              36.852270115797545,
              -1.328637923477502
            ],
            [
              36.85093930279756,
              -1.327283953477477
            ],
            [
              36.84063038879756,
              -1.321059384477494
            ],
            [
              36.84218615679756,
              -1.320618583477469
            ],
            [
              36.84274796179758,
              -1.320177782477501
            ],
            [
              36.84349991579753,
              -1.320290143477493
            ],
            [
              36.844217297797535,
              -1.320186425477502
            ],
            [
              36.84504703979754,
              -1.320411147477487
            ],
            [
              36.84550512779756,
              -1.320281500477492
            ],
            [
              36.846516375797556,
              -1.319512259477492
            ],
            [
              36.84797706879757,
              -1.319443114477494
            ],
            [
              36.84854751679753,
              -1.318924525477471
            ],
            [
              36.84869445079757,
              -1.318310861477514
            ],
            [
              36.84911796479755,
              -1.317835488477485
            ],
            [
              36.85091574079754,
              -1.317169965477476
            ],
            [
              36.85198749179752,
              -1.317040318477482
            ],
            [
              36.85269622979754,
              -1.316322936477477
            ],
            [
              36.85440757479753,
              -1.316772380477503
            ],
            [
              36.85558304279757,
              -1.316340222477479
            ],
            [
              36.85651650379756,
              -1.316340222477479
            ],
            [
              36.856940017797534,
              -1.316582231477512
            ],
            [
              36.85783026279753,
              -1.317584836477508
            ],
            [
              36.858478499797535,
              -1.317481118477517
            ],
            [
              36.85954160679753,
              -1.31702303147749
            ],
            [
              36.86205676479758,
              -1.316815596477497
            ],
            [
              36.862748216797534,
              -1.315277115477486
            ],
            [
              36.86311122879757,
              -1.31481902747747
            ],
            [
              36.864286697797546,
              -1.314032501477513
            ],
            [
              36.86458920779753,
              -1.314032501477513
            ],
            [
              36.86489171879756,
              -1.314352297477499
            ],
            [
              36.86545352379758,
              -1.314283152477501
            ],
            [
              36.865998041797546,
              -1.313902853477473
            ],
            [
              36.86668085079756,
              -1.312865675477483
            ],
            [
              36.867035220797526,
              -1.312692812477494
            ],
            [
              36.86881570979752,
              -1.312303870477465
            ],
            [
              36.86920465179755,
              -1.312476733477511
            ],
            [
              36.87024182979754,
              -1.312476733477511
            ],
            [
              36.870941925797545,
              -1.313073111477465
            ],
            [
              36.87137408279758,
              -1.313064468477464
            ],
            [
              36.87164202079756,
              -1.312710098477496
            ],
            [
              36.87202231979753,
              -1.312597737477504
            ],
            [
              36.872368045797565,
              -1.312736028477489
            ],
            [
              36.872376688797566,
              -1.313548484477494
            ],
            [
              36.87290392079753,
              -1.313738633477485
            ],
            [
              36.87514878279753,
              -1.312598963477499
            ],
            [
              36.877588964797575,
              -1.310861245477483
            ],
            [
              36.878373371797544,
              -1.310678217477503
            ],
            [
              36.88137372679753,
              -1.310841635477502
            ],
            [
              36.88242613879756,
              -1.310632460477493
            ],
            [
              36.88503116779756,
              -1.308866158477472
            ],
            [
              36.88655131179754,
              -1.308335149477486
            ],
            [
              36.88728014679756,
              -1.307325191477489
            ],
            [
              36.888456696797526,
              -1.307470958477481
            ],
            [
              36.88925841579756,
              -1.306481824477473
            ],
            [
              36.889819532797524,
              -1.307413679477506
            ]
          ]
        ]
      }
    },
    {
      "type": "Feature",
      "properties": {
        "county_code": 47,
        "county_name": "Nairobi",
        "subcounty_name": "Embakasi West",
        "expected_ward_count": 4,
        "source_subcounty_name": "EMBAKASI WEST",
        "source_dataset": "HDX Kenya Elections constituencies.zip",
        "source_crs": "EPSG:4326",
        "output_crs": "EPSG:4326"
      },
      "geometry": {
        "type": "Polygon",
        "coordinates": [
          [
            [
              36.92693358379753,
              -1.257212691477478
            ],
            [
              36.92681221979753,
              -1.258517352477484
            ],
            [
              36.92397028379755,
              -1.26149076647748
            ],
            [
              36.920824937797555,
              -1.263958497477504
            ],
            [
              36.917234590797555,
              -1.267225207477495
            ],
            [
              36.91524220179755,
              -1.269379415477474
            ],
            [
              36.911917117797564,
              -1.274083780477483
            ],
            [
              36.908480506797524,
              -1.278223334477489
            ],
            [
              36.906632027797535,
              -1.279906926477495
            ],
            [
              36.904297561797556,
              -1.2813388474775
            ],
            [
              36.902709341797525,
              -1.282041711477505
            ],
            [
              36.89976355879755,
              -1.284183761477479
            ],
            [
              36.89936372979755,
              -1.284834590477474
            ],
            [
              36.89899171279753,
              -1.286110078477507
            ],
            [
              36.892915427797526,
              -1.291424613477475
            ],
            [
              36.88863861179757,
              -1.294004418477514
            ],
            [
              36.88628344579754,
              -1.294946484477507
            ],
            [
              36.88558713579757,
              -1.291239658477466
            ],
            [
              36.88310909179753,
              -1.282044272477478
            ],
            [
              36.88210558679756,
              -1.275920841477487
            ],
            [
              36.87891075379755,
              -1.262465676477504
            ],
            [
              36.883354848797545,
              -1.262035603477486
            ],
            [
              36.88888436879753,
              -1.260868260477466
            ],
            [
              36.89099377779754,
              -1.260110511477464
            ],
            [
              36.89341038279755,
              -1.258492614477504
            ],
            [
              36.89807975479757,
              -1.256813279477499
            ],
            [
              36.89947237479756,
              -1.256710880477485
            ],
            [
              36.90246241079753,
              -1.257734865477503
            ],
            [
              36.90344543679756,
              -1.257652946477478
            ],
            [
              36.90498930379757,
              -1.256973833477489
            ],
            [
              36.90806665179755,
              -1.256976567477509
            ],
            [
              36.90969341979754,
              -1.257182339477467
            ],
            [
              36.91111441479753,
              -1.257543412477489
            ],
            [
              36.914312882797525,
              -1.258943507477497
            ],
            [
              36.91727532279756,
              -1.258482289477499
            ],
            [
              36.924819830797524,
              -1.256798031477488
            ],
            [
              36.92657960579756,
              -1.25624178047751
            ],
            [
              36.92693358379753,
              -1.257212691477478
            ]
          ]
        ]
      }
    },
    {
      "type": "Feature",
      "properties": {
        "county_code": 47,
        "county_name": "Nairobi",
        "subcounty_name": "Kamukunji",
        "expected_ward_count": 5,
        "source_subcounty_name": "KAMUKUNJI",
        "source_dataset": "HDX Kenya Elections constituencies.zip",
        "source_crs": "EPSG:4326",
        "output_crs": "EPSG:4326"
      },
      "geometry": {
        "type": "Polygon",
        "coordinates": [
          [
            [
              36.87595372679757,
              -1.262533413477499
            ],
            [
              36.87893506579754,
              -1.262456137477486
            ],
            [
              36.88037435779753,
              -1.268213306477478
            ],
            [
              36.88232962279758,
              -1.27712062547748
            ],
            [
              36.87907084779757,
              -1.278098257477482
            ],
            [
              36.88113473879755,
              -1.282226039477493
            ],
            [
              36.878310469797576,
              -1.282035947477468
            ],
            [
              36.87612497179756,
              -1.283857195477467
            ],
            [
              36.874543530797574,
              -1.281241735477508
            ],
            [
              36.87196268679755,
              -1.283623957477503
            ],
            [
              36.867289223797535,
              -1.287533682477474
            ],
            [
              36.86796498479756,
              -1.289122301477491
            ],
            [
              36.86357251679757,
              -1.291167891477514
            ],
            [
              36.862720675797526,
              -1.291309864477498
            ],
            [
              36.86184407279753,
              -1.289138158477485
            ],
            [
              36.85249232479756,
              -1.293326407477466
            ],
            [
              36.851217474797544,
              -1.294475607477509
            ],
            [
              36.84167724579756,
              -1.292405558477512
            ],
            [
              36.83830859379756,
              -1.292058407477484
            ],
            [
              36.836868558797526,
              -1.289975499477507
            ],
            [
              36.83554424179757,
              -1.289242625477514
            ],
            [
              36.83434849879753,
              -1.289204052477473
            ],
            [
              36.828498358797525,
              -1.292135551477472
            ],
            [
              36.82716118379758,
              -1.2895383464775
            ],
            [
              36.831468429797575,
              -1.28740400947747
            ],
            [
              36.832175589797565,
              -1.285899687477511
            ],
            [
              36.83725428279754,
              -1.285668253477511
            ],
            [
              36.838398595797536,
              -1.285025381477496
            ],
            [
              36.83965862579756,
              -1.284948236477462
            ],
            [
              36.840532932797565,
              -1.284421081477476
            ],
            [
              36.84102151579756,
              -1.283791066477463
            ],
            [
              36.84430016579753,
              -1.28305819147748
            ],
            [
              36.84442874079755,
              -1.280435271477515
            ],
            [
              36.846391164797545,
              -1.280304519477497
            ],
            [
              36.843742894797536,
              -1.267656449477486
            ],
            [
              36.84941599479756,
              -1.266339511477483
            ],
            [
              36.85892075579758,
              -1.266095102477479
            ],
            [
              36.859626823797576,
              -1.264818749477499
            ],
            [
              36.860224265797534,
              -1.264465715477499
            ],
            [
              36.86223384379755,
              -1.263705334477479
            ],
            [
              36.86959324379753,
              -1.261505661477472
            ],
            [
              36.87595372679757,
              -1.262533413477499
            ]
          ]
        ]
      }
    },
    {
      "type": "Feature",
      "properties": {
        "county_code": 47,
        "county_name": "Nairobi",
        "subcounty_name": "Kasarani",
        "expected_ward_count": 5,
        "source_subcounty_name": "KASARANI",
        "source_dataset": "HDX Kenya Elections constituencies.zip",
        "source_crs": "EPSG:4326",
        "output_crs": "EPSG:4326"
      },
      "geometry": {
        "type": "Polygon",
        "coordinates": [
          [
            [
              37.06335226679757,
              -1.205262893477468
            ],
            [
              37.07031439879753,
              -1.217756121477507
            ],
            [
              37.073488227797576,
              -1.223859637477503
            ],
            [
              37.08093451679755,
              -1.237348406477495
            ],
            [
              37.08893012179757,
              -1.233625262477503
            ],
            [
              37.095521918797566,
              -1.244855730477511
            ],
            [
              37.08752631379755,
              -1.249067156477495
            ],
            [
              37.10229682079753,
              -1.262616961477463
            ],
            [
              37.103883734797556,
              -1.264936297477491
            ],
            [
              37.102113715797564,
              -1.273237078477493
            ],
            [
              37.10113715279757,
              -1.275251238477481
            ],
            [
              37.09851264179755,
              -1.273847430477517
            ],
            [
              37.09631537579755,
              -1.274518816477482
            ],
            [
              37.094301215797564,
              -1.275556414477464
            ],
            [
              37.09173773879754,
              -1.276227801477476
            ],
            [
              37.088136664797524,
              -1.277570574477509
            ],
            [
              37.085084906797555,
              -1.279523699477509
            ],
            [
              37.08410834479755,
              -1.282636492477466
            ],
            [
              37.08233832479757,
              -1.284833758477462
            ],
            [
              37.07873725079755,
              -1.283918230477511
            ],
            [
              37.07690619579753,
              -1.286359637477503
            ],
            [
              37.076723090797564,
              -1.290326922477491
            ],
            [
              37.073488227797576,
              -1.295453875477492
            ],
            [
              37.073915473797534,
              -1.299726336477463
            ],
            [
              37.076723090797564,
              -1.301618426477476
            ],
            [
              37.076539984797556,
              -1.303571551477476
            ],
            [
              37.066102973797534,
              -1.301435320477467
            ],
            [
              37.026491156797555,
              -1.292035906477495
            ],
            [
              37.00988959479755,
              -1.29801735147747
            ],
            [
              37.00268744579753,
              -1.300824969477489
            ],
            [
              37.00073432079753,
              -1.294843523477468
            ],
            [
              36.99548529779755,
              -1.281537859477496
            ],
            [
              36.99090766079754,
              -1.283368914477464
            ],
            [
              36.980714789797524,
              -1.268842547477491
            ],
            [
              36.96814154779755,
              -1.260846941477482
            ],
            [
              36.93677774179755,
              -1.260070919477514
            ],
            [
              36.934226939797576,
              -1.253136774477512
            ],
            [
              36.92732385379755,
              -1.256013707477493
            ],
            [
              36.924769168797546,
              -1.256805737477507
            ],
            [
              36.917508892797535,
              -1.258424739477491
            ],
            [
              36.914313594797555,
              -1.25894499447746
            ],
            [
              36.91114547479756,
              -1.257547294477476
            ],
            [
              36.90967788979756,
              -1.257174574477503
            ],
            [
              36.908070534797524,
              -1.256972684477475
            ],
            [
              36.90496876779755,
              -1.256979920477463
            ],
            [
              36.903698842797574,
              -1.257561802477469
            ],
            [
              36.90238246079755,
              -1.257724581477462
            ],
            [
              36.89935336579756,
              -1.256719600477468
            ],
            [
              36.90185873879758,
              -1.255955249477481
            ],
            [
              36.90272924979754,
              -1.255537687477486
            ],
            [
              36.90298403379753,
              -1.254072681477496
            ],
            [
              36.903210507797574,
              -1.253832052477478
            ],
            [
              36.90386869879753,
              -1.252055643477477
            ],
            [
              36.90705349479756,
              -1.250194307477486
            ],
            [
              36.907421515797544,
              -1.249585657477482
            ],
            [
              36.90851142379753,
              -1.248948698477463
            ],
            [
              36.910712472797535,
              -1.246988279477464
            ],
            [
              36.91226948379752,
              -1.246726418477508
            ],
            [
              36.91280736079758,
              -1.246146077477463
            ],
            [
              36.913897922797524,
              -1.246291436477506
            ],
            [
              36.91488727479756,
              -1.245655852477498
            ],
            [
              36.91644025779757,
              -1.243671152477461
            ],
            [
              36.91762148479753,
              -1.242879670477507
            ],
            [
              36.91958220079757,
              -1.242819709477474
            ],
            [
              36.92019379979754,
              -1.242687796477512
            ],
            [
              36.92063750979755,
              -1.242346019477495
            ],
            [
              36.92155459179755,
              -1.242211808477507
            ],
            [
              36.92579257479755,
              -1.242868512477501
            ],
            [
              36.92655533079758,
              -1.242856275477479
            ],
            [
              36.92736703279754,
              -1.24256667347747
            ],
            [
              36.93112370479755,
              -1.240160118477477
            ],
            [
              36.92925964479755,
              -1.240168276477491
            ],
            [
              36.92859478379753,
              -1.240364064477476
            ],
            [
              36.92818281379757,
              -1.240563930477479
            ],
            [
              36.92771373979755,
              -1.241167608477483
            ],
            [
              36.92689387979757,
              -1.241318528477493
            ],
            [
              36.926322832797574,
              -1.241738655477477
            ],
            [
              36.924880775797554,
              -1.241613620477481
            ],
            [
              36.92401825079755,
              -1.240514983477496
            ],
            [
              36.923398257797565,
              -1.240005120477506
            ],
            [
              36.92269668579754,
              -1.240037751477516
            ],
            [
              36.92093088079755,
              -1.241070547477464
            ],
            [
              36.91949375879758,
              -1.241104975477513
            ],
            [
              36.919170074797556,
              -1.24100093347748
            ],
            [
              36.91740528879753,
              -1.239496516477502
            ],
            [
              36.91632298379758,
              -1.239367743477474
            ],
            [
              36.91524987679755,
              -1.238337561477508
            ],
            [
              36.91469799379754,
              -1.238027893477508
            ],
            [
              36.91403879979756,
              -1.238122939477464
            ],
            [
              36.91371993379757,
              -1.237525065477471
            ],
            [
              36.91299635279753,
              -1.237525065477471
            ],
            [
              36.91201216079755,
              -1.23785313047749
            ],
            [
              36.91176074679756,
              -1.237160209477495
            ],
            [
              36.91073056479754,
              -1.235995122477491
            ],
            [
              36.909893540797576,
              -1.235703850477464
            ],
            [
              36.90927113879754,
              -1.235293003477509
            ],
            [
              36.90809685379755,
              -1.235256211477506
            ],
            [
              36.90766147879756,
              -1.23459701747747
            ],
            [
              36.907039076797524,
              -1.234572489477487
            ],
            [
              36.90661596579755,
              -1.233897964477464
            ],
            [
              36.90617139279757,
              -1.233594428477475
            ],
            [
              36.903709379797554,
              -1.23429348147748
            ],
            [
              36.90297660079758,
              -1.234762582477501
            ],
            [
              36.90269146079756,
              -1.235280739477489
            ],
            [
              36.90229287879756,
              -1.235452436477474
            ],
            [
              36.90150797779753,
              -1.235351258477508
            ],
            [
              36.90166127879754,
              -1.234952675477516
            ],
            [
              36.902341934797526,
              -1.234774846477464
            ],
            [
              36.90192802179754,
              -1.23462154547751
            ],
            [
              36.90071387879757,
              -1.234833100477474
            ],
            [
              36.90026930579753,
              -1.235489228477477
            ],
            [
              36.89996576979754,
              -1.235519889477516
            ],
            [
              36.899542658797564,
              -1.235265409477492
            ],
            [
              36.898800681797546,
              -1.235197957477496
            ],
            [
              36.89812309179754,
              -1.234373197477496
            ],
            [
              36.89763559479754,
              -1.234425320477485
            ],
            [
              36.89743630379754,
              -1.234633809477473
            ],
            [
              36.89773554679757,
              -1.235326116477481
            ],
            [
              36.89762946279753,
              -1.235529089477482
            ],
            [
              36.896948806797546,
              -1.235305267477472
            ],
            [
              36.89716036179757,
              -1.236154555477512
            ],
            [
              36.896485837797535,
              -1.23608710247747
            ],
            [
              36.89615777379756,
              -1.23670643847747
            ],
            [
              36.895808246797536,
              -1.23692412647749
            ],
            [
              36.895041741797534,
              -1.237059030477483
            ],
            [
              36.89485471479755,
              -1.237218463477504
            ],
            [
              36.89477193279756,
              -1.237690630477502
            ],
            [
              36.89424764279757,
              -1.237969638477509
            ],
            [
              36.89230991879756,
              -1.237994166477492
            ],
            [
              36.89155567779758,
              -1.238343693477461
            ],
            [
              36.89129506579754,
              -1.238184260477496
            ],
            [
              36.891184689797534,
              -1.237889922477493
            ],
            [
              36.88986630079753,
              -1.2379113844775
            ],
            [
              36.88879319479755,
              -1.237690630477502
            ],
            [
              36.88794697279754,
              -1.237463745477485
            ],
            [
              36.88674202679757,
              -1.236813749477492
            ],
            [
              36.886095096797554,
              -1.236758561477516
            ],
            [
              36.88529793179756,
              -1.237368698477483
            ],
            [
              36.88446090879753,
              -1.237580254477493
            ],
            [
              36.883547234797526,
              -1.237580254477493
            ],
            [
              36.882707145797575,
              -1.238058553477501
            ],
            [
              36.88145738679756,
              -1.239448542477462
            ],
            [
              36.88103962479757,
              -1.239463733477507
            ],
            [
              36.88077377679755,
              -1.239064961477468
            ],
            [
              36.88031803579755,
              -1.239030780477478
            ],
            [
              36.87977494579754,
              -1.239714390477488
            ],
            [
              36.87868496679757,
              -1.239281437477516
            ],
            [
              36.877784879797524,
              -1.239748571477478
            ],
            [
              36.877139248797526,
              -1.239080152477513
            ],
            [
              36.876740475797554,
              -1.2389206434775
            ],
            [
              36.87611383279758,
              -1.239581466477475
            ],
            [
              36.87577582579754,
              -1.240656253477468
            ],
            [
              36.875415030797534,
              -1.240773986477493
            ],
            [
              36.87482636679757,
              -1.240751199477515
            ],
            [
              36.874663059797534,
              -1.240451170477499
            ],
            [
              36.874059203797536,
              -1.24037521447751
            ],
            [
              36.87401742779755,
              -1.23960425347751
            ],
            [
              36.873159116797545,
              -1.239627040477487
            ],
            [
              36.873003405797554,
              -1.239194087477515
            ],
            [
              36.872536272797525,
              -1.239266246477471
            ],
            [
              36.87232115079754,
              -1.239038009477483
            ],
            [
              36.87180961179754,
              -1.239077168477465
            ],
            [
              36.87148850479755,
              -1.23866991047747
            ],
            [
              36.87005527079756,
              -1.238536768477488
            ],
            [
              36.86986730579755,
              -1.238403626477507
            ],
            [
              36.87081496279753,
              -1.236641454477465
            ],
            [
              36.872561471797574,
              -1.234793130477485
            ],
            [
              36.87631294179757,
              -1.231691706477463
            ],
            [
              36.88549994579753,
              -1.224775164477464
            ],
            [
              36.890321723797534,
              -1.219831316477482
            ],
            [
              36.89685647179757,
              -1.214235808477483
            ],
            [
              36.90830119879754,
              -1.210459267477504
            ],
            [
              36.91168857579756,
              -1.2089738644775
            ],
            [
              36.91307531679754,
              -1.207592604477484
            ],
            [
              36.91420992379758,
              -1.208782023477497
            ],
            [
              36.914927959797545,
              -1.211336258477488
            ],
            [
              36.91554733379754,
              -1.211659648477494
            ],
            [
              36.91613930279757,
              -1.212832623477468
            ],
            [
              36.91772884879756,
              -1.213468441477503
            ],
            [
              36.91849073379753,
              -1.21392886147747
            ],
            [
              36.91945542379758,
              -1.2148880704775
            ],
            [
              36.92091890179753,
              -1.215704767477505
            ],
            [
              36.92144509579756,
              -1.2169928474775
            ],
            [
              36.92317167179757,
              -1.218028793477501
            ],
            [
              36.92513393779753,
              -1.218127454477483
            ],
            [
              36.92684955079758,
              -1.218823565477508
            ],
            [
              36.927430556797525,
              -1.219201768477476
            ],
            [
              36.928269179797574,
              -1.22033637447747
            ],
            [
              36.928839223797546,
              -1.220517254477486
            ],
            [
              36.929688807797525,
              -1.220533697477479
            ],
            [
              36.93202927679757,
              -1.222632993477462
            ],
            [
              36.932495177797556,
              -1.222611069477509
            ],
            [
              36.93303781579757,
              -1.222315084477473
            ],
            [
              36.93388740079754,
              -1.221618973477505
            ],
            [
              36.93826139179756,
              -1.22170667247751
            ],
            [
              36.940716964797524,
              -1.223049564477478
            ],
            [
              36.94963486379756,
              -1.227198826477477
            ],
            [
              36.950753026797564,
              -1.227368743477471
            ],
            [
              36.95377316279754,
              -1.226793218477483
            ],
            [
              36.957434598797555,
              -1.229692768477478
            ],
            [
              36.960043645797576,
              -1.228026486477504
            ],
            [
              36.96181407079754,
              -1.227779832477481
            ],
            [
              36.96272394879755,
              -1.227960712477497
            ],
            [
              36.964762951797546,
              -1.229161092477498
            ],
            [
              36.96998104679758,
              -1.22941322747748
            ],
            [
              36.97076485679755,
              -1.228470462477489
            ],
            [
              36.973214948797555,
              -1.227533179477505
            ],
            [
              36.97464553979753,
              -1.226568489477515
            ],
            [
              36.97686542279754,
              -1.22595459547749
            ],
            [
              36.97729295579753,
              -1.225718904477489
            ],
            [
              36.97804387879753,
              -1.224819989477496
            ],
            [
              36.97929907179755,
              -1.224951537477509
            ],
            [
              36.97996777679756,
              -1.224682959477477
            ],
            [
              36.98086669279754,
              -1.224666515477495
            ],
            [
              36.981995817797575,
              -1.224310238477515
            ],
            [
              36.98261519279756,
              -1.224573335477473
            ],
            [
              36.98309205579758,
              -1.223915592477497
            ],
            [
              36.98430888079755,
              -1.22373471347747
            ],
            [
              36.98507624779753,
              -1.223312661477494
            ],
            [
              36.98513105979756,
              -1.223625089477466
            ],
            [
              36.98558051679756,
              -1.224080028477474
            ],
            [
              36.98590390779756,
              -1.224036178477477
            ],
            [
              36.986572612797566,
              -1.223559315477516
            ],
            [
              36.98705495779753,
              -1.223575758477509
            ],
            [
              36.98847458579754,
              -1.224200614477511
            ],
            [
              36.991686564797554,
              -1.225028274477481
            ],
            [
              36.99209217279755,
              -1.225296852477513
            ],
            [
              36.994887579797556,
              -1.230953442477514
            ],
            [
              36.995178083797576,
              -1.231940056477513
            ],
            [
              36.99577005179756,
              -1.232855415477488
            ],
            [
              37.001119694797545,
              -1.234724502477477
            ],
            [
              37.00207342179757,
              -1.235672748477484
            ],
            [
              37.00398246679756,
              -1.236140478477509
            ],
            [
              37.00430083379754,
              -1.236458845477487
            ],
            [
              37.00466468179754,
              -1.23656496847751
            ],
            [
              37.006984212797555,
              -1.236595288477461
            ],
            [
              37.00725709879756,
              -1.236261761477508
            ],
            [
              37.00787867279754,
              -1.236049516477508
            ],
            [
              37.009334064797564,
              -1.235897913477502
            ],
            [
              37.01007692079755,
              -1.235897913477502
            ],
            [
              37.011304908797534,
              -1.23656496847751
            ],
            [
              37.01157779479754,
              -1.236504326477516
            ],
            [
              37.01197196279755,
              -1.235791791477468
            ],
            [
              37.01333639279758,
              -1.235336981477517
            ],
            [
              37.01326059179754,
              -1.232517158477478
            ],
            [
              37.01351831679758,
              -1.230955644477476
            ],
            [
              37.01515563379754,
              -1.229060602477475
            ],
            [
              37.01648974279757,
              -1.229212205477481
            ],
            [
              37.01712647679758,
              -1.229090922477483
            ],
            [
              37.017369042797576,
              -1.228711914477501
            ],
            [
              37.017566126797554,
              -1.2272413624775
            ],
            [
              37.017945134797536,
              -1.227074598477473
            ],
            [
              37.02232647179758,
              -1.226877514477494
            ],
            [
              37.02278128179753,
              -1.227408125477482
            ],
            [
              37.023448336797536,
              -1.224239615477516
            ],
            [
              37.02717777979753,
              -1.222450696477481
            ],
            [
              37.02875445379757,
              -1.221374312477494
            ],
            [
              37.03105882479755,
              -1.220919502477486
            ],
            [
              37.03140751279758,
              -1.220692097477511
            ],
            [
              37.03183200279758,
              -1.219615713477467
            ],
            [
              37.033484478797526,
              -1.217690350477469
            ],
            [
              37.03412121279754,
              -1.215901431477491
            ],
            [
              37.036728790797575,
              -1.214370237477497
            ],
            [
              37.03780517479756,
              -1.213960908477461
            ],
            [
              37.03812354179754,
              -1.213597060477512
            ],
            [
              37.038563190797525,
              -1.212566157477497
            ],
            [
              37.03944249079753,
              -1.212566157477497
            ],
            [
              37.043232574797536,
              -1.210337588477487
            ],
            [
              37.04480924979756,
              -1.210428550477488
            ],
            [
              37.04594627479755,
              -1.209988900477513
            ],
            [
              37.04652236679757,
              -1.210185984477491
            ],
            [
              37.047477468797545,
              -1.210185984477491
            ],
            [
              37.04806872179753,
              -1.209913098477486
            ],
            [
              37.04855385179754,
              -1.208791234477517
            ],
            [
              37.048857058797545,
              -1.208457706477461
            ],
            [
              37.049236066797526,
              -1.208351584477484
            ],
            [
              37.05052469579757,
              -1.208518348477512
            ],
            [
              37.05416317579758,
              -1.206668787477483
            ],
            [
              37.05513343779753,
              -1.206865871477462
            ],
            [
              37.05572469079757,
              -1.2072448794775
            ],
            [
              37.05655850879756,
              -1.208230301477486
            ],
            [
              37.05760457279754,
              -1.209003478477471
            ],
            [
              37.05828678779758,
              -1.209124761477469
            ],
            [
              37.05874159779753,
              -1.208882196477461
            ],
            [
              37.059666377797576,
              -1.207820972477507
            ],
            [
              37.06065179979756,
              -1.207093276477494
            ],
            [
              37.061834305797525,
              -1.206502023477512
            ],
            [
              37.06193180279754,
              -1.206154164477468
            ],
            [
              37.06335226679757,
              -1.205262893477468
            ]
          ]
        ]
      }
    },
    {
      "type": "Feature",
      "properties": {
        "county_code": 47,
        "county_name": "Nairobi",
        "subcounty_name": "Kibra",
        "expected_ward_count": 5,
        "source_subcounty_name": "KIBRA",
        "source_dataset": "HDX Kenya Elections constituencies.zip",
        "source_crs": "EPSG:4326",
        "output_crs": "EPSG:4326"
      },
      "geometry": {
        "type": "Polygon",
        "coordinates": [
          [
            [
              36.82186822779757,
              -1.295495154477508
            ],
            [
              36.823412164797524,
              -1.2982485084775
            ],
            [
              36.82400400679753,
              -1.300075500477462
            ],
            [
              36.822796009797536,
              -1.300056653477484
            ],
            [
              36.82330615879757,
              -1.300882237477467
            ],
            [
              36.82364495979757,
              -1.302794322477482
            ],
            [
              36.82340351579753,
              -1.303904188477461
            ],
            [
              36.822796009797536,
              -1.304792081477487
            ],
            [
              36.821600470797556,
              -1.305500837477482
            ],
            [
              36.81874207879755,
              -1.306182334477498
            ],
            [
              36.816405518797545,
              -1.305333384477465
            ],
            [
              36.815614982797534,
              -1.305298335477503
            ],
            [
              36.81332515379753,
              -1.306482192477504
            ],
            [
              36.81194268979757,
              -1.307015707477476
            ],
            [
              36.810217529797534,
              -1.307993168477467
            ],
            [
              36.807413657797575,
              -1.308331969477465
            ],
            [
              36.80661143879754,
              -1.308982312477483
            ],
            [
              36.80723645679753,
              -1.309027099477462
            ],
            [
              36.807985171797576,
              -1.309977848477488
            ],
            [
              36.80876953879757,
              -1.310227420477461
            ],
            [
              36.81080176479755,
              -1.310405685477506
            ],
            [
              36.812596302797566,
              -1.311308896477485
            ],
            [
              36.814355187797524,
              -1.31162977447751
            ],
            [
              36.81626856879753,
              -1.311760502477498
            ],
            [
              36.816339875797574,
              -1.312069495477474
            ],
            [
              36.81573716779754,
              -1.312831408477493
            ],
            [
              36.815211735797526,
              -1.312978112477467
            ],
            [
              36.81255655579755,
              -1.313035606477499
            ],
            [
              36.81034042079752,
              -1.314650666477505
            ],
            [
              36.810157484797536,
              -1.315089712477502
            ],
            [
              36.80921144679754,
              -1.315392862477481
            ],
            [
              36.80683328279755,
              -1.316772720477488
            ],
            [
              36.805683401797545,
              -1.317159498477495
            ],
            [
              36.80546910579758,
              -1.31720131247748
            ],
            [
              36.805155501797536,
              -1.316934749477511
            ],
            [
              36.805035286797555,
              -1.317274486477502
            ],
            [
              36.80480531079754,
              -1.317326753477503
            ],
            [
              36.80381745879756,
              -1.317159498477495
            ],
            [
              36.80352476179754,
              -1.31692952247748
            ],
            [
              36.800989795797555,
              -1.316830214477463
            ],
            [
              36.80062392479757,
              -1.317274486477502
            ],
            [
              36.800629151797544,
              -1.317943508477513
            ],
            [
              36.80038349479755,
              -1.318398234477499
            ],
            [
              36.79912385279757,
              -1.319041122477515
            ],
            [
              36.79683381479756,
              -1.319151239477478
            ],
            [
              36.79659115679757,
              -1.3192983044775
            ],
            [
              36.79600289579755,
              -1.319202712477463
            ],
            [
              36.795105797797554,
              -1.319599788477476
            ],
            [
              36.79484153979754,
              -1.320262501477473
            ],
            [
              36.794450897797525,
              -1.320055690477475
            ],
            [
              36.794186639797566,
              -1.31952717547749
            ],
            [
              36.79326748179758,
              -1.318642485477469
            ],
            [
              36.792233428797566,
              -1.318343759477486
            ],
            [
              36.79113824779753,
              -1.317012273477517
            ],
            [
              36.79035104979757,
              -1.316969490477491
            ],
            [
              36.78991466879753,
              -1.316755578477498
            ],
            [
              36.79012858179757,
              -1.315027166477464
            ],
            [
              36.789846216797535,
              -1.314719133477511
            ],
            [
              36.78879376879754,
              -1.314642124477516
            ],
            [
              36.788408725797545,
              -1.314847480477497
            ],
            [
              36.78787822379754,
              -1.3155319994775
            ],
            [
              36.786363724797546,
              -1.316276414477486
            ],
            [
              36.785268492797535,
              -1.315925598477506
            ],
            [
              36.78494334679757,
              -1.316036833477469
            ],
            [
              36.784660981797536,
              -1.316336310477468
            ],
            [
              36.78346307279755,
              -1.316721352477473
            ],
            [
              36.78268443179754,
              -1.317491436477483
            ],
            [
              36.781127150797566,
              -1.317286081477491
            ],
            [
              36.78047685679754,
              -1.317645453477482
            ],
            [
              36.77882545379756,
              -1.31762834047747
            ],
            [
              36.77842329879754,
              -1.316841143477504
            ],
            [
              36.77773877879755,
              -1.316336310477468
            ],
            [
              36.77465844179758,
              -1.31634486647748
            ],
            [
              36.773101159797555,
              -1.316515996477492
            ],
            [
              36.77131285279753,
              -1.312776809477484
            ],
            [
              36.76886569579758,
              -1.3137864754775
            ],
            [
              36.76736830979754,
              -1.310372434477515
            ],
            [
              36.756090851797545,
              -1.31177569947748
            ],
            [
              36.75335277379755,
              -1.307232201477504
            ],
            [
              36.74850979879758,
              -1.308678248477506
            ],
            [
              36.74797929579753,
              -1.30843866747749
            ],
            [
              36.74800496479755,
              -1.303672700477464
            ],
            [
              36.761199304797536,
              -1.298685359477461
            ],
            [
              36.76950788579753,
              -1.300334691477517
            ],
            [
              36.772632047797536,
              -1.30036846647748
            ],
            [
              36.792996609797534,
              -1.299753847477505
            ],
            [
              36.796804987797564,
              -1.299303532477481
            ],
            [
              36.807175095797525,
              -1.297283548477467
            ],
            [
              36.80985125279758,
              -1.295623816477516
            ],
            [
              36.81234728479753,
              -1.295546619477463
            ],
            [
              36.81389122079755,
              -1.295070572477514
            ],
            [
              36.81444446479755,
              -1.294491595477482
            ],
            [
              36.815113504797544,
              -1.294144210477484
            ],
            [
              36.820311424797545,
              -1.293127785477495
            ],
            [
              36.82186822779757,
              -1.295495154477508
            ]
          ]
        ]
      }
    },
    {
      "type": "Feature",
      "properties": {
        "county_code": 47,
        "county_name": "Nairobi",
        "subcounty_name": "Langata",
        "expected_ward_count": 5,
        "source_subcounty_name": "LANGATA",
        "source_dataset": "HDX Kenya Elections constituencies.zip",
        "source_crs": "EPSG:4326",
        "output_crs": "EPSG:4326"
      },
      "geometry": {
        "type": "Polygon",
        "coordinates": [
          [
            [
              36.73136210779753,
              -1.303214930477495
            ],
            [
              36.73169739879753,
              -1.3039972754775
            ],
            [
              36.73181465279756,
              -1.308640518477475
            ],
            [
              36.738662262797526,
              -1.30620164347748
            ],
            [
              36.740561770797534,
              -1.306084389477505
            ],
            [
              36.74379797079754,
              -1.305380868477514
            ],
            [
              36.74804255079757,
              -1.303668965477514
            ],
            [
              36.74799564979755,
              -1.308476363477482
            ],
            [
              36.748511564797546,
              -1.308663969477479
            ],
            [
              36.75332531179756,
              -1.30723860547748
            ],
            [
              36.75612985479753,
              -1.311750262477503
            ],
            [
              36.767330836797576,
              -1.310350320477469
            ],
            [
              36.768853128797524,
              -1.313792892477509
            ],
            [
              36.77130977779753,
              -1.312773466477481
            ],
            [
              36.773101159797555,
              -1.31650744047748
            ],
            [
              36.774641328797564,
              -1.31634486647748
            ],
            [
              36.77775589179756,
              -1.31634486647748
            ],
            [
              36.77843185479755,
              -1.316841143477504
            ],
            [
              36.77883400979757,
              -1.317636897477471
            ],
            [
              36.78047685679754,
              -1.317645453477482
            ],
            [
              36.78110148079755,
              -1.317286081477491
            ],
            [
              36.78267587579753,
              -1.317499993477484
            ],
            [
              36.783531524797546,
              -1.316687126477504
            ],
            [
              36.784660981797536,
              -1.316327753477467
            ],
            [
              36.785268492797535,
              -1.315917042477495
            ],
            [
              36.78638939379757,
              -1.316267858477474
            ],
            [
              36.78786966679754,
              -1.315557669477514
            ],
            [
              36.78843439579756,
              -1.314856036477508
            ],
            [
              36.78880232479755,
              -1.314650681477517
            ],
            [
              36.789837660797524,
              -1.314719133477511
            ],
            [
              36.79012858179757,
              -1.315010053477508
            ],
            [
              36.790154250797535,
              -1.315454991477495
            ],
            [
              36.789906112797574,
              -1.31676413447751
            ],
            [
              36.79034249379756,
              -1.316978047477492
            ],
            [
              36.79114957979757,
              -1.317030801477515
            ],
            [
              36.79221197579758,
              -1.31832681247748
            ],
            [
              36.79327062279756,
              -1.318647267477488
            ],
            [
              36.794174763797535,
              -1.319522797477462
            ],
            [
              36.79442655079756,
              -1.320003480477496
            ],
            [
              36.79485000879756,
              -1.320266711477516
            ],
            [
              36.795107517797554,
              -1.319614356477516
            ],
            [
              36.79601165979758,
              -1.31919089747747
            ],
            [
              36.79657817879754,
              -1.319299623477477
            ],
            [
              36.79707030579757,
              -1.319127950477466
            ],
            [
              36.79910033279756,
              -1.319046406477512
            ],
            [
              36.800380722797534,
              -1.318409787477478
            ],
            [
              36.80062392579756,
              -1.317944841477513
            ],
            [
              36.80061677279755,
              -1.317279610477485
            ],
            [
              36.80098872879753,
              -1.316836123477501
            ],
            [
              36.80353520379756,
              -1.316929113477486
            ],
            [
              36.80380701879758,
              -1.317158009477496
            ],
            [
              36.804799492797564,
              -1.317324268477464
            ],
            [
              36.80503310179753,
              -1.317273299477492
            ],
            [
              36.80518176179756,
              -1.316937752477472
            ],
            [
              36.805466339797555,
              -1.317201093477465
            ],
            [
              36.80573392779754,
              -1.317145876477512
            ],
            [
              36.806859515797576,
              -1.31675830247751
            ],
            [
              36.80920657179754,
              -1.315397224477508
            ],
            [
              36.81017111479755,
              -1.315086427477511
            ],
            [
              36.81041760979755,
              -1.314561286477485
            ],
            [
              36.81248601979754,
              -1.313050168477489
            ],
            [
              36.81517602479757,
              -1.312975148477492
            ],
            [
              36.81572259879757,
              -1.312835825477507
            ],
            [
              36.816344193797555,
              -1.312053473477463
            ],
            [
              36.81623702179754,
              -1.311753393477475
            ],
            [
              36.81441510679755,
              -1.311646221477461
            ],
            [
              36.812625342797524,
              -1.311313990477502
            ],
            [
              36.81083545579755,
              -1.310402583477512
            ],
            [
              36.808190486797535,
              -1.310068470477504
            ],
            [
              36.807948712797575,
              -1.309956882477465
            ],
            [
              36.80724199079756,
              -1.309008386477487
            ],
            [
              36.80660966079753,
              -1.308971191477483
            ],
            [
              36.806650575797526,
              -1.308867042477502
            ],
            [
              36.80740937279753,
              -1.308346299477464
            ],
            [
              36.80821280379754,
              -1.308138002477492
            ],
            [
              36.81020650379755,
              -1.307989219477506
            ],
            [
              36.81563710579754,
              -1.305311114477477
            ],
            [
              36.81682737479755,
              -1.305445019477461
            ],
            [
              36.818761561797565,
              -1.306188937477473
            ],
            [
              36.82167771979757,
              -1.305489654477512
            ],
            [
              36.822838231797526,
              -1.304790371477495
            ],
            [
              36.82341848879755,
              -1.303838156477511
            ],
            [
              36.82361190679753,
              -1.30300496847751
            ],
            [
              36.82329946179757,
              -1.300862484477463
            ],
            [
              36.822823353797524,
              -1.300059053477512
            ],
            [
              36.82399874479753,
              -1.300073931477514
            ],
            [
              36.82947398079752,
              -1.311664174477514
            ],
            [
              36.83097669579754,
              -1.314520819477466
            ],
            [
              36.83224135579754,
              -1.315949142477493
            ],
            [
              36.83417554279756,
              -1.317258437477492
            ],
            [
              36.85229738579758,
              -1.328089884477479
            ],
            [
              36.852461047797554,
              -1.328238667477465
            ],
            [
              36.85168737279755,
              -1.329473571477465
            ],
            [
              36.862087346797544,
              -1.336406887477481
            ],
            [
              36.87343953679757,
              -1.34347410847748
            ],
            [
              36.882604606797564,
              -1.349663506477484
            ],
            [
              36.88546125179757,
              -1.352639179477464
            ],
            [
              36.89300955679757,
              -1.36113795747751
            ],
            [
              36.895561286797566,
              -1.359083473477469
            ],
            [
              36.90072213979757,
              -1.364972918477506
            ],
            [
              36.90823322879756,
              -1.373080189477478
            ],
            [
              36.90988905379756,
              -1.373117944477472
            ],
            [
              36.91451608579754,
              -1.373823015477499
            ],
            [
              36.91695749179754,
              -1.377851336477463
            ],
            [
              36.921962374797566,
              -1.387616961477463
            ],
            [
              36.92312204279752,
              -1.394147723477474
            ],
            [
              36.92495309679756,
              -1.395063250477492
            ],
            [
              36.928554170797575,
              -1.394636004477477
            ],
            [
              36.932155245797524,
              -1.398420183477513
            ],
            [
              36.934962862797555,
              -1.398847430477517
            ],
            [
              36.93752633879753,
              -1.399823992477466
            ],
            [
              36.94076120279757,
              -1.402753680477517
            ],
            [
              36.94350778479755,
              -1.405622332477478
            ],
            [
              36.94576608579754,
              -1.408857195477467
            ],
            [
              36.94753610479753,
              -1.422040789477464
            ],
            [
              36.94875680779753,
              -1.424360125477492
            ],
            [
              36.95070993279753,
              -1.425824969477489
            ],
            [
              36.95351754979756,
              -1.42722877747751
            ],
            [
              36.95595895679755,
              -1.429365008477462
            ],
            [
              36.95956003079757,
              -1.436628191477482
            ],
            [
              36.961757295797575,
              -1.438764422477491
            ],
            [
              36.96114694479754,
              -1.444562762477503
            ],
            [
              36.958766573797526,
              -1.443036883477462
            ],
            [
              36.957728975797544,
              -1.440534441477482
            ],
            [
              36.95693551879756,
              -1.437970965477505
            ],
            [
              36.95412790179753,
              -1.437665789477464
            ],
            [
              36.951137178797545,
              -1.438032000477492
            ],
            [
              36.94814645679755,
              -1.435773699477509
            ],
            [
              36.944911592797574,
              -1.433942644477483
            ],
            [
              36.94112741379754,
              -1.433027117477466
            ],
            [
              36.93191110479753,
              -1.433027117477466
            ],
            [
              36.923915499797566,
              -1.429365008477462
            ],
            [
              36.89290963979757,
              -1.415815203477493
            ],
            [
              36.890712374797566,
              -1.413862078477493
            ],
            [
              36.89510690579757,
              -1.412031023477468
            ],
            [
              36.89351999179754,
              -1.410444109477496
            ],
            [
              36.891139620797524,
              -1.409772723477474
            ],
            [
              36.88814889779754,
              -1.408674090477505
            ],
            [
              36.88534128079757,
              -1.407270281477495
            ],
            [
              36.88253366379754,
              -1.406354754477477
            ],
            [
              36.87795602679753,
              -1.407148211477463
            ],
            [
              36.87514840979755,
              -1.406659930477517
            ],
            [
              36.87112008879753,
              -1.407148211477463
            ],
            [
              36.86935006979754,
              -1.403974383477462
            ],
            [
              36.865321749797566,
              -1.404157488477481
            ],
            [
              36.86275827279754,
              -1.402570574477509
            ],
            [
              36.85976754979756,
              -1.400068133477462
            ],
            [
              36.852931612797555,
              -1.39793190247751
            ],
            [
              36.84975778479755,
              -1.396161883477462
            ],
            [
              36.84676706179757,
              -1.392438738477481
            ],
            [
              36.845119112797555,
              -1.388715594477489
            ],
            [
              36.843532198797526,
              -1.386823504477477
            ],
            [
              36.84090768679757,
              -1.38786110147747
            ],
            [
              36.83431588979757,
              -1.388044207477478
            ],
            [
              36.82992135879757,
              -1.387739031477495
            ],
            [
              36.82552682779757,
              -1.385969012477503
            ],
            [
              36.822352999797566,
              -1.384443133477462
            ],
            [
              36.819911592797574,
              -1.381635515477499
            ],
            [
              36.81612741379754,
              -1.382367937477497
            ],
            [
              36.81112253079757,
              -1.386152117477466
            ],
            [
              36.809108370797524,
              -1.388227312477497
            ],
            [
              36.80611764779754,
              -1.38816627747751
            ],
            [
              36.80312692479756,
              -1.388654558477513
            ],
            [
              36.80013620279757,
              -1.38786110147747
            ],
            [
              36.79635202279754,
              -1.387250750477492
            ],
            [
              36.79391061679754,
              -1.385419695477467
            ],
            [
              36.79214059679756,
              -1.386457293477506
            ],
            [
              36.79012643679757,
              -1.388044207477478
            ],
            [
              36.78695260879757,
              -1.387922137477503
            ],
            [
              36.78396188579753,
              -1.389142840477505
            ],
            [
              36.781337374797566,
              -1.387372820477467
            ],
            [
              36.77834665179753,
              -1.387067644477483
            ],
            [
              36.77596628079757,
              -1.388227312477497
            ],
            [
              36.77434813579756,
              -1.388463137477502
            ],
            [
              36.77326542679756,
              -1.389068523477463
            ],
            [
              36.77089045379753,
              -1.388591199477489
            ],
            [
              36.76873667879757,
              -1.389045238477465
            ],
            [
              36.76788681079753,
              -1.388684336477511
            ],
            [
              36.76710679479756,
              -1.388882250477466
            ],
            [
              36.76671096579755,
              -1.388765830477482
            ],
            [
              36.766338420797545,
              -1.387578343477501
            ],
            [
              36.765092723797544,
              -1.38605323747747
            ],
            [
              36.764824956797575,
              -1.385901891477474
            ],
            [
              36.764479691797554,
              -1.386104129477517
            ],
            [
              36.763870194797526,
              -1.386147664477492
            ],
            [
              36.761345135797534,
              -1.384863367477508
            ],
            [
              36.760909780797554,
              -1.384776296477512
            ],
            [
              36.75979962579756,
              -1.385407561477493
            ],
            [
              36.75927719979753,
              -1.385538167477464
            ],
            [
              36.75729633479752,
              -1.385364025477472
            ],
            [
              36.75435768879756,
              -1.384645690477484
            ],
            [
              36.75250743079757,
              -1.384645690477484
            ],
            [
              36.751919701797554,
              -1.384471548477493
            ],
            [
              36.75009121079753,
              -1.384950438477504
            ],
            [
              36.74963408779754,
              -1.384906903477472
            ],
            [
              36.74853784379754,
              -1.384198131477476
            ],
            [
              36.74759192479754,
              -1.383198396477483
            ],
            [
              36.74648856179757,
              -1.382919769477482
            ],
            [
              36.745162296797524,
              -1.381259151477466
            ],
            [
              36.744794508797575,
              -1.381091974477485
            ],
            [
              36.74441557579754,
              -1.381114265477479
            ],
            [
              36.74319083479755,
              -1.382120631477492
            ],
            [
              36.742167750797556,
              -1.382011792477485
            ],
            [
              36.74131880879755,
              -1.38148936647751
            ],
            [
              36.73997279179755,
              -1.380207161477515
            ],
            [
              36.73495065579757,
              -1.378522723477474
            ],
            [
              36.732509249797566,
              -1.377057879477477
            ],
            [
              36.73073922979753,
              -1.375654070477467
            ],
            [
              36.72872506979754,
              -1.374555437477497
            ],
            [
              36.71792184679756,
              -1.365644305477517
            ],
            [
              36.71633493279753,
              -1.363324969477489
            ],
            [
              36.71456491379754,
              -1.361554949477509
            ],
            [
              36.71236764779754,
              -1.359723894477483
            ],
            [
              36.70956003079757,
              -1.358320086477463
            ],
            [
              36.70675241379754,
              -1.356244890477499
            ],
            [
              36.70534860479753,
              -1.354169695477467
            ],
            [
              36.702724092797574,
              -1.352338640477499
            ],
            [
              36.69674264779754,
              -1.352765887477503
            ],
            [
              36.69411813579753,
              -1.353437273477468
            ],
            [
              36.690150850797544,
              -1.349042742477466
            ],
            [
              36.68972360479753,
              -1.346540301477476
            ],
            [
              36.68716012779756,
              -1.343427508477462
            ],
            [
              36.68654977679753,
              -1.340070574477509
            ],
            [
              36.68471872179756,
              -1.337140887477503
            ],
            [
              36.680507295797575,
              -1.329023211477463
            ],
            [
              36.675563448797526,
              -1.330365984477496
            ],
            [
              36.66976510879757,
              -1.326154558477513
            ],
            [
              36.67354928879754,
              -1.324445574477509
            ],
            [
              36.66420205179755,
              -1.319771956477482
            ],
            [
              36.666795616797536,
              -1.315024098477509
            ],
            [
              36.666435091797574,
              -1.314393179477506
            ],
            [
              36.670851524797534,
              -1.306161188477504
            ],
            [
              36.67350999579755,
              -1.3075404884775
            ],
            [
              36.674596745797565,
              -1.307249194477479
            ],
            [
              36.67536979479754,
              -1.307361231477487
            ],
            [
              36.67868606279753,
              -1.30090795147747
            ],
            [
              36.685217767797575,
              -1.300706286477507
            ],
            [
              36.68743608279757,
              -1.296168825477466
            ],
            [
              36.687873022797554,
              -1.2965497474775
            ],
            [
              36.689295881797555,
              -1.296986688477475
            ],
            [
              36.68987846879755,
              -1.297658905477463
            ],
            [
              36.69018096679755,
              -1.297692515477465
            ],
            [
              36.69058429679753,
              -1.297434832477493
            ],
            [
              36.69165984279757,
              -1.297479647477517
            ],
            [
              36.692231226797524,
              -1.297322796477474
            ],
            [
              36.69254492879755,
              -1.297759737477506
            ],
            [
              36.69338519879758,
              -1.297916588477492
            ],
            [
              36.69427028379757,
              -1.297513258477509
            ],
            [
              36.69466241079757,
              -1.297569276477461
            ],
            [
              36.695435459797544,
              -1.298174271477464
            ],
            [
              36.69829237979754,
              -1.29929463247747
            ],
            [
              36.70046588079756,
              -1.300560640477486
            ],
            [
              36.70170948079757,
              -1.300930359477477
            ],
            [
              36.70524982179753,
              -1.304672364477469
            ],
            [
              36.70584361279756,
              -1.305030880477475
            ],
            [
              36.706986380797524,
              -1.305221341477463
            ],
            [
              36.70734489679753,
              -1.305221341477463
            ],
            [
              36.70914868279757,
              -1.297658900477515
            ],
            [
              36.716665487797535,
              -1.301323893477488
            ],
            [
              36.71966717979753,
              -1.302261922477485
            ],
            [
              36.724099365797564,
              -1.303340655477471
            ],
            [
              36.72578781779756,
              -1.299635441477492
            ],
            [
              36.72731211379757,
              -1.296797904477487
            ],
            [
              36.733245146797536,
              -1.295953678477517
            ],
            [
              36.73683310679754,
              -1.296751003477468
            ],
            [
              36.73774768479753,
              -1.298251849477467
            ],
            [
              36.73763043079756,
              -1.300596921477493
            ],
            [
              36.730923524797525,
              -1.302191570477462
            ],
            [
              36.73136210779753,
              -1.303214930477495
            ]
          ]
        ]
      }
    },
    {
      "type": "Feature",
      "properties": {
        "county_code": 47,
        "county_name": "Nairobi",
        "subcounty_name": "Makadara",
        "expected_ward_count": 4,
        "source_subcounty_name": "MAKADARA",
        "source_dataset": "HDX Kenya Elections constituencies.zip",
        "source_crs": "EPSG:4326",
        "output_crs": "EPSG:4326"
      },
      "geometry": {
        "type": "Polygon",
        "coordinates": [
          [
            [
              36.88309044879755,
              -1.282071628477511
            ],
            [
              36.885659321797526,
              -1.291681610477483
            ],
            [
              36.88786881879755,
              -1.302862199477474
            ],
            [
              36.88837460779754,
              -1.3045659084775
            ],
            [
              36.88926639279756,
              -1.306495890477479
            ],
            [
              36.88844448679756,
              -1.307477520477491
            ],
            [
              36.887313117797554,
              -1.307327780477508
            ],
            [
              36.88644795279756,
              -1.308392598477483
            ],
            [
              36.88515020579754,
              -1.308825180477513
            ],
            [
              36.88245488579755,
              -1.310622060477485
            ],
            [
              36.88137342979754,
              -1.3108383514775
            ],
            [
              36.87919387979755,
              -1.310671974477473
            ],
            [
              36.877679841797566,
              -1.3108383514775
            ],
            [
              36.87518417479756,
              -1.312568681477487
            ],
            [
              36.87292143679755,
              -1.313716687477481
            ],
            [
              36.87238902779753,
              -1.313566947477498
            ],
            [
              36.872372389797555,
              -1.312735058477515
            ],
            [
              36.87207290979753,
              -1.312568681477487
            ],
            [
              36.87159041479756,
              -1.312718421477471
            ],
            [
              36.871374122797555,
              -1.313067814477492
            ],
            [
              36.87099145379758,
              -1.313084452477469
            ],
            [
              36.870292667797536,
              -1.312502129477466
            ],
            [
              36.86907810979758,
              -1.312468854477502
            ],
            [
              36.86879526679754,
              -1.312302476477484
            ],
            [
              36.866981748797535,
              -1.312718421477471
            ],
            [
              36.86668226879757,
              -1.312851523477477
            ],
            [
              36.865983481797535,
              -1.313916341477509
            ],
            [
              36.86543443579753,
              -1.314299010477484
            ],
            [
              36.86490202679757,
              -1.314365561477516
            ],
            [
              36.86458590879757,
              -1.314016167477505
            ],
            [
              36.86428642879755,
              -1.314032805477482
            ],
            [
              36.86360427979755,
              -1.314432112477491
            ],
            [
              36.86272247679758,
              -1.315347190477482
            ],
            [
              36.86209024179757,
              -1.31679467747749
            ],
            [
              36.86160774579755,
              -1.316911141477462
            ],
            [
              36.859544660797575,
              -1.317027606477482
            ],
            [
              36.858180362797576,
              -1.317593290477462
            ],
            [
              36.85778105579757,
              -1.317560015477497
            ],
            [
              36.85653322279753,
              -1.316345457477482
            ],
            [
              36.85809717379757,
              -1.314581852477474
            ],
            [
              36.859993880797525,
              -1.313250830477486
            ],
            [
              36.86097550979755,
              -1.312202649477499
            ],
            [
              36.86120843879754,
              -1.311753429477492
            ],
            [
              36.86090895879757,
              -1.308542338477466
            ],
            [
              36.85651658479755,
              -1.302020327477508
            ],
            [
              36.85648330879754,
              -1.301105249477516
            ],
            [
              36.85693252879755,
              -1.300506289477469
            ],
            [
              36.848002049797536,
              -1.301850566477512
            ],
            [
              36.846250290797535,
              -1.301866786477476
            ],
            [
              36.84537441179756,
              -1.301704586477499
            ],
            [
              36.84406059279754,
              -1.300942247477494
            ],
            [
              36.84313605379756,
              -1.30006636747747
            ],
            [
              36.83832061279755,
              -1.292055276477513
            ],
            [
              36.84133493279753,
              -1.292341082477478
            ],
            [
              36.85118618579755,
              -1.294473015477465
            ],
            [
              36.85248455979754,
              -1.293332727477477
            ],
            [
              36.86182671179753,
              -1.289152752477478
            ],
            [
              36.86270790079757,
              -1.291301229477469
            ],
            [
              36.863581276797525,
              -1.291166864477461
            ],
            [
              36.86790336979757,
              -1.289128986477508
            ],
            [
              36.86779139779755,
              -1.288457158477499
            ],
            [
              36.86729872479756,
              -1.28756138747751
            ],
            [
              36.87271813579755,
              -1.283015352477478
            ],
            [
              36.87453805779753,
              -1.281232683477513
            ],
            [
              36.87612497179756,
              -1.283857195477467
            ],
            [
              36.878322237797555,
              -1.282026140477499
            ],
            [
              36.88114715579754,
              -1.282218040477503
            ],
            [
              36.879070760797525,
              -1.278065250477468
            ],
            [
              36.882291834797535,
              -1.277106914477472
            ],
            [
              36.88309044879755,
              -1.282071628477511
            ]
          ]
        ]
      }
    },
    {
      "type": "Feature",
      "properties": {
        "county_code": 47,
        "county_name": "Nairobi",
        "subcounty_name": "Mathare",
        "expected_ward_count": 6,
        "source_subcounty_name": "MATHARE",
        "source_dataset": "HDX Kenya Elections constituencies.zip",
        "source_crs": "EPSG:4326",
        "output_crs": "EPSG:4326"
      },
      "geometry": {
        "type": "Polygon",
        "coordinates": [
          [
            [
              36.87817864879755,
              -1.251022484477503
            ],
            [
              36.87850231779756,
              -1.253457708477513
            ],
            [
              36.878903050797554,
              -1.262489612477495
            ],
            [
              36.87578966479756,
              -1.262535850477477
            ],
            [
              36.87174994179755,
              -1.261746085477498
            ],
            [
              36.86930526679756,
              -1.261553659477486
            ],
            [
              36.86017561379756,
              -1.264461964477491
            ],
            [
              36.859663458797534,
              -1.264808535477514
            ],
            [
              36.85890100279757,
              -1.266086996477484
            ],
            [
              36.85195504979756,
              -1.266157000477492
            ],
            [
              36.84934500379753,
              -1.266366403477477
            ],
            [
              36.84374921879756,
              -1.267667045477467
            ],
            [
              36.84275105179753,
              -1.264596926477495
            ],
            [
              36.84001922979754,
              -1.264273394477514
            ],
            [
              36.83937239479754,
              -1.264306736477508
            ],
            [
              36.838492165797526,
              -1.264686835477491
            ],
            [
              36.83818541879756,
              -1.264673498477507
            ],
            [
              36.837591930797565,
              -1.264326741477462
            ],
            [
              36.83848549679757,
              -1.26366656947748
            ],
            [
              36.840392660797555,
              -1.263426506477501
            ],
            [
              36.84117953179756,
              -1.262446251477499
            ],
            [
              36.841526288797546,
              -1.261679385477507
            ],
            [
              36.84252654979755,
              -1.260892513477515
            ],
            [
              36.847167758797546,
              -1.258698608477503
            ],
            [
              36.85105543779755,
              -1.258645261477497
            ],
            [
              36.85150888879755,
              -1.259212075477465
            ],
            [
              36.853547179797566,
              -1.260508146477477
            ],
            [
              36.856176131797575,
              -1.263096127477511
            ],
            [
              36.85663022279757,
              -1.26318148347751
            ],
            [
              36.85779788779754,
              -1.262915173477481
            ],
            [
              36.85941622879758,
              -1.263130269477515
            ],
            [
              36.86062486379753,
              -1.262085517477474
            ],
            [
              36.861420377797536,
              -1.261617769477468
            ],
            [
              36.861751556797536,
              -1.261163677477484
            ],
            [
              36.86171806879755,
              -1.259795207477496
            ],
            [
              36.86229255979756,
              -1.259252281477516
            ],
            [
              36.86398446679757,
              -1.258248501477497
            ],
            [
              36.86472941079753,
              -1.257434113477516
            ],
            [
              36.86734934079757,
              -1.257143711477497
            ],
            [
              36.86900336879753,
              -1.256461898477469
            ],
            [
              36.87005765479753,
              -1.255672762477488
            ],
            [
              36.870392247797575,
              -1.254826809477479
            ],
            [
              36.870872042797565,
              -1.254410145477479
            ],
            [
              36.872191476797546,
              -1.25429019647747
            ],
            [
              36.87413590779757,
              -1.252636168477509
            ],
            [
              36.874830346797545,
              -1.25237101947748
            ],
            [
              36.87668008079756,
              -1.25218793947748
            ],
            [
              36.87709674379757,
              -1.251752336477509
            ],
            [
              36.877229318797525,
              -1.25126622947748
            ],
            [
              36.876837734797526,
              -1.25068340347751
            ],
            [
              36.876930211797536,
              -1.250128542477498
            ],
            [
              36.87759296279753,
              -1.249157535477466
            ],
            [
              36.87782415479753,
              -1.249080471477484
            ],
            [
              36.87817864879755,
              -1.251022484477503
            ]
          ]
        ]
      }
    },
    {
      "type": "Feature",
      "properties": {
        "county_code": 47,
        "county_name": "Nairobi",
        "subcounty_name": "Roysambu",
        "expected_ward_count": 5,
        "source_subcounty_name": "ROYSAMBU",
        "source_dataset": "HDX Kenya Elections constituencies.zip",
        "source_crs": "EPSG:4326",
        "output_crs": "EPSG:4326"
      },
      "geometry": {
        "type": "Polygon",
        "coordinates": [
          [
            [
              36.90578043879756,
              -1.161375592477484
            ],
            [
              36.90731456579757,
              -1.16180896247748
            ],
            [
              36.908632008797575,
              -1.161921638477495
            ],
            [
              36.91168292879754,
              -1.161514271477515
            ],
            [
              36.912913697797556,
              -1.16178296047751
            ],
            [
              36.91666667579758,
              -1.161592277477482
            ],
            [
              36.920298310797556,
              -1.162528355477477
            ],
            [
              36.92072301279753,
              -1.162788376477508
            ],
            [
              36.92115638179754,
              -1.16456519047749
            ],
            [
              36.92135573179754,
              -1.164877216477507
            ],
            [
              36.92306320679753,
              -1.165726620477515
            ],
            [
              36.92431130979755,
              -1.165648614477491
            ],
            [
              36.92469267479756,
              -1.165778625477501
            ],
            [
              36.92561141779756,
              -1.166966056477506
            ],
            [
              36.92577609879756,
              -1.167850130477504
            ],
            [
              36.926504158797535,
              -1.168101484477504
            ],
            [
              36.92747490579753,
              -1.168994225477477
            ],
            [
              36.92789094079753,
              -1.169176240477484
            ],
            [
              36.928757678797545,
              -1.169176240477484
            ],
            [
              36.92937306379755,
              -1.168864214477467
            ],
            [
              36.93004911979752,
              -1.169072231477501
            ],
            [
              36.93076851279758,
              -1.168751538477509
            ],
            [
              36.93375009379755,
              -1.169756955477496
            ],
            [
              36.937095704797535,
              -1.171594441477496
            ],
            [
              36.93897652779756,
              -1.172279164477502
            ],
            [
              36.93962658179756,
              -1.172695199477503
            ],
            [
              36.940900686797555,
              -1.174350669477505
            ],
            [
              36.94244348179753,
              -1.17569411447748
            ],
            [
              36.94149873679756,
              -1.176708198477499
            ],
            [
              36.93990393779753,
              -1.178909714477513
            ],
            [
              36.931727999797566,
              -1.187421648477468
            ],
            [
              36.91786020979756,
              -1.202350155477504
            ],
            [
              36.91671299379757,
              -1.203935633477486
            ],
            [
              36.911609834797524,
              -1.209064028477471
            ],
            [
              36.908613319797574,
              -1.2103598184775
            ],
            [
              36.89678923379753,
              -1.21420669647749
            ],
            [
              36.890431762797526,
              -1.219794791477498
            ],
            [
              36.886002402797565,
              -1.224345632477466
            ],
            [
              36.884586029797525,
              -1.225604932477481
            ],
            [
              36.882111358797566,
              -1.227267541477474
            ],
            [
              36.87836663879752,
              -1.23010398447751
            ],
            [
              36.87252056379756,
              -1.234849349477472
            ],
            [
              36.87081177079752,
              -1.23664666147748
            ],
            [
              36.86761355679757,
              -1.243162398477509
            ],
            [
              36.86680919179755,
              -1.244370869477493
            ],
            [
              36.85821967279755,
              -1.253807422477494
            ],
            [
              36.85564953679758,
              -1.256397404477511
            ],
            [
              36.85331755979754,
              -1.257965287477461
            ],
            [
              36.85237484579758,
              -1.2583225264775
            ],
            [
              36.85106496879754,
              -1.258649995477513
            ],
            [
              36.84715518679754,
              -1.258699611477468
            ],
            [
              36.84251890179754,
              -1.260886201477476
            ],
            [
              36.842340091797574,
              -1.260203472477472
            ],
            [
              36.84307971479753,
              -1.257017402477502
            ],
            [
              36.84532296779755,
              -1.252132637477516
            ],
            [
              36.84688349179756,
              -1.249247292477478
            ],
            [
              36.84687536479756,
              -1.248231326477467
            ],
            [
              36.84664778779753,
              -1.247784301477495
            ],
            [
              36.84536411579753,
              -1.246364216477489
            ],
            [
              36.84430409279755,
              -1.243793096477461
            ],
            [
              36.84334792979754,
              -1.235072532477475
            ],
            [
              36.84280337179754,
              -1.232081527477462
            ],
            [
              36.840860844797554,
              -1.229813891477463
            ],
            [
              36.83830873779757,
              -1.224693421477511
            ],
            [
              36.83511453979755,
              -1.220727089477507
            ],
            [
              36.835557810797546,
              -1.217718607477466
            ],
            [
              36.83536418379756,
              -1.216616425477512
            ],
            [
              36.83458967779753,
              -1.214873786477469
            ],
            [
              36.831849116797535,
              -1.209750129477513
            ],
            [
              36.83088098379758,
              -1.207292561477502
            ],
            [
              36.83077672379758,
              -1.206145696477492
            ],
            [
              36.831998060797524,
              -1.206607421477472
            ],
            [
              36.83341421579754,
              -1.207817438477477
            ],
            [
              36.83420540379753,
              -1.210000354477515
            ],
            [
              36.83479641079756,
              -1.210343520477509
            ],
            [
              36.83600702379757,
              -1.21076294547747
            ],
            [
              36.837884903797566,
              -1.210915463477463
            ],
            [
              36.83934335879754,
              -1.210229131477477
            ],
            [
              36.83979138079754,
              -1.209561864477494
            ],
            [
              36.849886176797575,
              -1.213870502477491
            ],
            [
              36.85069642979757,
              -1.208665820477493
            ],
            [
              36.85128743679754,
              -1.203365814477465
            ],
            [
              36.851621070797556,
              -1.203260958477515
            ],
            [
              36.852135819797546,
              -1.2026699504775
            ],
            [
              36.853460820797544,
              -1.202546029477489
            ],
            [
              36.856177550797575,
              -1.201792971477503
            ],
            [
              36.85755974679753,
              -1.202012215477496
            ],
            [
              36.85915165479755,
              -1.202879662477514
            ],
            [
              36.85991424579756,
              -1.203137037477504
            ],
            [
              36.86036226779756,
              -1.203098907477497
            ],
            [
              36.86172067479756,
              -1.197065203477493
            ],
            [
              36.86368086579753,
              -1.190242490477474
            ],
            [
              36.86405429379757,
              -1.190719407477488
            ],
            [
              36.86487466579754,
              -1.191226107477505
            ],
            [
              36.86608109579756,
              -1.191624229477484
            ],
            [
              36.86629825279757,
              -1.192806531477502
            ],
            [
              36.86675669679757,
              -1.193120202477517
            ],
            [
              36.86737197579756,
              -1.193132267477481
            ],
            [
              36.86872317779753,
              -1.193602775477516
            ],
            [
              36.87006231479753,
              -1.194676497477517
            ],
            [
              36.871208423797576,
              -1.195110812477467
            ],
            [
              36.87129287379755,
              -1.195327969477475
            ],
            [
              36.87222182479754,
              -1.195460677477499
            ],
            [
              36.87243898179755,
              -1.195750220477507
            ],
            [
              36.873500640797566,
              -1.196353435477463
            ],
            [
              36.874308948797555,
              -1.196353435477463
            ],
            [
              36.874936291797574,
              -1.196027699477483
            ],
            [
              36.875455056797556,
              -1.196312416477483
            ],
            [
              36.879006786797525,
              -1.1965343994775
            ],
            [
              36.88362982679754,
              -1.196283462477468
            ],
            [
              36.88407379279757,
              -1.196032525477492
            ],
            [
              36.88677619679756,
              -1.196013222477504
            ],
            [
              36.88791506679754,
              -1.195617513477473
            ],
            [
              36.88951720579754,
              -1.194121539477508
            ],
            [
              36.89020245779758,
              -1.193774088477469
            ],
            [
              36.89029897179753,
              -1.193484544477471
            ],
            [
              36.89090701279755,
              -1.193243258477466
            ],
            [
              36.891428190797534,
              -1.193233607477496
            ],
            [
              36.893155798797544,
              -1.193851299477487
            ],
            [
              36.89378314179756,
              -1.193880253477503
            ],
            [
              36.89450699979758,
              -1.193783739477496
            ],
            [
              36.896678573797566,
              -1.192876504477497
            ],
            [
              36.898203501797546,
              -1.192876504477497
            ],
            [
              36.898898405797546,
              -1.193127441477472
            ],
            [
              36.89933271979756,
              -1.193532802477464
            ],
            [
              36.89978633779756,
              -1.193426636477498
            ],
            [
              36.89878258779756,
              -1.192152646477482
            ],
            [
              36.89713219179756,
              -1.190666324477477
            ],
            [
              36.895645869797555,
              -1.188021829477507
            ],
            [
              36.89698780579757,
              -1.186751314477462
            ],
            [
              36.89625892979753,
              -1.186263337477485
            ],
            [
              36.895808013797556,
              -1.18562711447747
            ],
            [
              36.89552387579757,
              -1.184157007477481
            ],
            [
              36.89496689779755,
              -1.18310247347749
            ],
            [
              36.891221766797536,
              -1.177798687477477
            ],
            [
              36.889388786797575,
              -1.174722825477474
            ],
            [
              36.88891478879756,
              -1.17407277147747
            ],
            [
              36.888373077797574,
              -1.173707116477474
            ],
            [
              36.89349225179753,
              -1.170172448477488
            ],
            [
              36.89411522079754,
              -1.169522394477483
            ],
            [
              36.89842182779753,
              -1.161002895477495
            ],
            [
              36.899652596797544,
              -1.161453599477497
            ],
            [
              36.90135140479756,
              -1.160612862477465
            ],
            [
              36.90354425279755,
              -1.16044818247751
            ],
            [
              36.90416830479753,
              -1.160578193477463
            ],
            [
              36.90578043879756,
              -1.161375592477484
            ]
          ]
        ]
      }
    },
    {
      "type": "Feature",
      "properties": {
        "county_code": 47,
        "county_name": "Nairobi",
        "subcounty_name": "Ruaraka",
        "expected_ward_count": 5,
        "source_subcounty_name": "RUARAKA",
        "source_dataset": "HDX Kenya Elections constituencies.zip",
        "source_crs": "EPSG:4326",
        "output_crs": "EPSG:4326"
      },
      "geometry": {
        "type": "Polygon",
        "coordinates": [
          [
            [
              36.90672475279754,
              -1.234179657477498
            ],
            [
              36.90704631979755,
              -1.234578120477508
            ],
            [
              36.90765449979752,
              -1.234592101477503
            ],
            [
              36.908094905797576,
              -1.235263197477466
            ],
            [
              36.909269322797535,
              -1.235284168477492
            ],
            [
              36.90988449379753,
              -1.235710594477482
            ],
            [
              36.91053461779753,
              -1.2358573964775
            ],
            [
              36.91175097879758,
              -1.237136672477491
            ],
            [
              36.912016620797566,
              -1.237842720477474
            ],
            [
              36.90991944679754,
              -1.238569740477474
            ],
            [
              36.90864716179757,
              -1.237989522477492
            ],
            [
              36.90786421679754,
              -1.237961560477502
            ],
            [
              36.90710224379753,
              -1.238171277477463
            ],
            [
              36.90635425179757,
              -1.238849363477514
            ],
            [
              36.90563422279754,
              -1.239115005477502
            ],
            [
              36.90517983479756,
              -1.239156949477476
            ],
            [
              36.904194163797534,
              -1.238688580477501
            ],
            [
              36.90387958779754,
              -1.238786448477513
            ],
            [
              36.903502095797556,
              -1.239331713477484
            ],
            [
              36.90220883879757,
              -1.239897950477471
            ],
            [
              36.90255137779754,
              -1.241638604477473
            ],
            [
              36.90255137779754,
              -1.241941263477472
            ],
            [
              36.902349779797554,
              -1.242205343477494
            ],
            [
              36.902033006797545,
              -1.242207275477469
            ],
            [
              36.901743275797536,
              -1.241761089477493
            ],
            [
              36.90113097779757,
              -1.241707006477484
            ],
            [
              36.90003000079755,
              -1.24214353347746
            ],
            [
              36.89966201979754,
              -1.242742804477516
            ],
            [
              36.899091040797565,
              -1.243155560477462
            ],
            [
              36.89789565279758,
              -1.243463145477492
            ],
            [
              36.89630879079757,
              -1.243602957477478
            ],
            [
              36.896203932797526,
              -1.244204146477487
            ],
            [
              36.89653248979757,
              -1.245693139477496
            ],
            [
              36.89621092279756,
              -1.245874894477467
            ],
            [
              36.895253213797524,
              -1.245874894477467
            ],
            [
              36.895015533797526,
              -1.247944106477505
            ],
            [
              36.89454017479758,
              -1.248216738477467
            ],
            [
              36.89370130579757,
              -1.248209748477493
            ],
            [
              36.89353353179754,
              -1.248852881477476
            ],
            [
              36.89296030379753,
              -1.249412127477499
            ],
            [
              36.89299525679754,
              -1.250278959477484
            ],
            [
              36.893673342797534,
              -1.252138453477514
            ],
            [
              36.89360343779756,
              -1.252571868477489
            ],
            [
              36.89274359579755,
              -1.253270926477498
            ],
            [
              36.890821186797574,
              -1.253767257477464
            ],
            [
              36.89047864879753,
              -1.254515249477479
            ],
            [
              36.889695703797564,
              -1.254592146477464
            ],
            [
              36.886745679797535,
              -1.249097551477505
            ],
            [
              36.88650100979756,
              -1.249230372477471
            ],
            [
              36.88590681079753,
              -1.248734041477505
            ],
            [
              36.88524969679755,
              -1.248587239477488
            ],
            [
              36.88436888379757,
              -1.249209400477512
            ],
            [
              36.88366283479754,
              -1.249356202477472
            ],
            [
              36.88152459179755,
              -1.24842558247751
            ],
            [
              36.88103306679758,
              -1.249190176477484
            ],
            [
              36.88058523279758,
              -1.249496014477515
            ],
            [
              36.88013739879758,
              -1.249386786477473
            ],
            [
              36.879492954797534,
              -1.248807879477497
            ],
            [
              36.87760306079755,
              -1.249132457477501
            ],
            [
              36.876893184797574,
              -1.2501244034775
            ],
            [
              36.87683206979758,
              -1.250641531477513
            ],
            [
              36.87723166879757,
              -1.251247981477477
            ],
            [
              36.87708123179757,
              -1.251736902477476
            ],
            [
              36.876653425797564,
              -1.252188213477482
            ],
            [
              36.874815270797534,
              -1.25237155947751
            ],
            [
              36.874147705797576,
              -1.252625421477476
            ],
            [
              36.87217791779758,
              -1.254289633477513
            ],
            [
              36.87087099479756,
              -1.254416565477513
            ],
            [
              36.870382073797565,
              -1.254834968477482
            ],
            [
              36.87005769379757,
              -1.255662373477478
            ],
            [
              36.869502955797564,
              -1.256203007477482
            ],
            [
              36.86896232279755,
              -1.256466272477482
            ],
            [
              36.86736392679753,
              -1.257147941477499
            ],
            [
              36.86471247079756,
              -1.257439413477514
            ],
            [
              36.86397720879753,
              -1.258248013477485
            ],
            [
              36.862284789797535,
              -1.259263464477485
            ],
            [
              36.86170560679758,
              -1.259797516477463
            ],
            [
              36.86170936779754,
              -1.26121914847748
            ],
            [
              36.86142353679755,
              -1.261610285477488
            ],
            [
              36.860637502797566,
              -1.26206911847747
            ],
            [
              36.859415199797546,
              -1.26312594047748
            ],
            [
              36.857801760797564,
              -1.262911567477474
            ],
            [
              36.85662458879758,
              -1.263182354477508
            ],
            [
              36.856185394797556,
              -1.263105559477467
            ],
            [
              36.853506102797574,
              -1.260475883477497
            ],
            [
              36.85150159479755,
              -1.259215623477517
            ],
            [
              36.85103519879757,
              -1.258640071477473
            ],
            [
              36.85317231479754,
              -1.2580238504775
            ],
            [
              36.85558260479754,
              -1.256440415477514
            ],
            [
              36.858166697797536,
              -1.253869178477473
            ],
            [
              36.86679962579753,
              -1.244374885477484
            ],
            [
              36.86761599379755,
              -1.243159976477486
            ],
            [
              36.86987019179755,
              -1.238404137477503
            ],
            [
              36.87149566579753,
              -1.238669986477462
            ],
            [
              36.87182987479755,
              -1.23907635447749
            ],
            [
              36.87232739179753,
              -1.239045971477467
            ],
            [
              36.87254766579755,
              -1.239266246477471
            ],
            [
              36.87300720379758,
              -1.239201683477504
            ],
            [
              36.873151521797546,
              -1.239627040477487
            ],
            [
              36.87401742779755,
              -1.23960425347751
            ],
            [
              36.874059203797536,
              -1.24037521447751
            ],
            [
              36.874655463797545,
              -1.240451170477499
            ],
            [
              36.87482256879755,
              -1.240751199477515
            ],
            [
              36.87543022279757,
              -1.240773986477493
            ],
            [
              36.87578342079754,
              -1.240648658477469
            ],
            [
              36.87612902379757,
              -1.239551083477509
            ],
            [
              36.87674807179754,
              -1.238924441477466
            ],
            [
              36.87715823779754,
              -1.239087748477502
            ],
            [
              36.877784879797524,
              -1.239748571477478
            ],
            [
              36.878939421797575,
              -1.239277639477493
            ],
            [
              36.87948631079754,
              -1.239695401477477
            ],
            [
              36.87978317979755,
              -1.239710508477501
            ],
            [
              36.88030272979753,
              -1.239035330477507
            ],
            [
              36.880785664797564,
              -1.239066202477475
            ],
            [
              36.881041465797544,
              -1.239469750477483
            ],
            [
              36.881456039797534,
              -1.239447698477463
            ],
            [
              36.882704171797535,
              -1.238060640477486
            ],
            [
              36.88299084579753,
              -1.238012126477472
            ],
            [
              36.88353993579758,
              -1.237579910477493
            ],
            [
              36.88447272779754,
              -1.237577705477506
            ],
            [
              36.885295259797566,
              -1.237368213477496
            ],
            [
              36.886091329797544,
              -1.236755172477488
            ],
            [
              36.88673524279758,
              -1.236812507477496
            ],
            [
              36.88794809279758,
              -1.237456420477472
            ],
            [
              36.888801497797566,
              -1.237694579477463
            ],
            [
              36.88985998479753,
              -1.237910687477481
            ],
            [
              36.89118309279754,
              -1.237888635477461
            ],
            [
              36.89128894179756,
              -1.2381775144775
            ],
            [
              36.891555768797524,
              -1.238345108477504
            ],
            [
              36.89231214579754,
              -1.23799668947747
            ],
            [
              36.894565840797576,
              -1.237875404477493
            ],
            [
              36.89476871779757,
              -1.237701195477471
            ],
            [
              36.89485471779758,
              -1.237220466477468
            ],
            [
              36.89616239179755,
              -1.236700043477513
            ],
            [
              36.896490963797554,
              -1.236087003477494
            ],
            [
              36.89715692779756,
              -1.236155363477494
            ],
            [
              36.89695184679757,
              -1.235306369477471
            ],
            [
              36.89763986279754,
              -1.235529092477507
            ],
            [
              36.89774130079754,
              -1.23536370347749
            ],
            [
              36.89743739279756,
              -1.234627645477517
            ],
            [
              36.89763613679755,
              -1.234425889477493
            ],
            [
              36.898117940797555,
              -1.234374697477492
            ],
            [
              36.89880451179757,
              -1.235193765477491
            ],
            [
              36.899536251797564,
              -1.235269046477513
            ],
            [
              36.89996084179753,
              -1.235515971477512
            ],
            [
              36.900267992797545,
              -1.235488870477511
            ],
            [
              36.90071366079754,
              -1.234835423477464
            ],
            [
              36.901084047797575,
              -1.234705938477462
            ],
            [
              36.90192720579753,
              -1.234624633477481
            ],
            [
              36.902339749797555,
              -1.234775197477504
            ],
            [
              36.90166823579758,
              -1.234946840477492
            ],
            [
              36.90150400079752,
              -1.235347541477481
            ],
            [
              36.90181736679752,
              -1.235465923477463
            ],
            [
              36.90269817979756,
              -1.235277178477461
            ],
            [
              36.90299178379754,
              -1.23475987547748
            ],
            [
              36.903774728797565,
              -1.234256553477494
            ],
            [
              36.90573209079755,
              -1.233620411477475
            ],
            [
              36.90643813879753,
              -1.233697307477471
            ],
            [
              36.90672475279754,
              -1.234179657477498
            ]
          ]
        ]
      }
    },
    {
      "type": "Feature",
      "properties": {
        "county_code": 47,
        "county_name": "Nairobi",
        "subcounty_name": "Starehe",
        "expected_ward_count": 6,
        "source_subcounty_name": "STAREHE",
        "source_dataset": "HDX Kenya Elections constituencies.zip",
        "source_crs": "EPSG:4326",
        "output_crs": "EPSG:4326"
      },
      "geometry": {
        "type": "Polygon",
        "coordinates": [
          [
            [
              36.84274500879754,
              -1.264599326477466
            ],
            [
              36.84374632879754,
              -1.267675671477477
            ],
            [
              36.84638836679758,
              -1.280367104477464
            ],
            [
              36.84439779079755,
              -1.280415360477477
            ],
            [
              36.844301277797534,
              -1.28305739847751
            ],
            [
              36.84103190679755,
              -1.283781244477482
            ],
            [
              36.84062172679753,
              -1.284336193477472
            ],
            [
              36.83965659879757,
              -1.284963526477484
            ],
            [
              36.83835367679753,
              -1.285035911477494
            ],
            [
              36.83724377879755,
              -1.28567530847748
            ],
            [
              36.832188921797545,
              -1.285892462477464
            ],
            [
              36.83145301179754,
              -1.287400474477508
            ],
            [
              36.82717025579753,
              -1.289523756477465
            ],
            [
              36.82852143479757,
              -1.29212960147747
            ],
            [
              36.83434839579754,
              -1.289185961477515
            ],
            [
              36.83557893379756,
              -1.289246281477503
            ],
            [
              36.83693011279754,
              -1.289994256477471
            ],
            [
              36.83912263379758,
              -1.293337894477461
            ],
            [
              36.84315443379753,
              -1.300076073477485
            ],
            [
              36.84407809179756,
              -1.300962030477465
            ],
            [
              36.84537875279758,
              -1.30167833647748
            ],
            [
              36.84628355979756,
              -1.301904538477502
            ],
            [
              36.84805547479757,
              -1.301847987477502
            ],
            [
              36.85688100979754,
              -1.300521865477478
            ],
            [
              36.85646141979756,
              -1.301120005477501
            ],
            [
              36.856506056797535,
              -1.302030607477477
            ],
            [
              36.86093407879755,
              -1.308610147477495
            ],
            [
              36.86121082979755,
              -1.311815106477511
            ],
            [
              36.85996991279753,
              -1.3132881374775
            ],
            [
              36.857996942797534,
              -1.314662967477475
            ],
            [
              36.856514983797545,
              -1.316332402477471
            ],
            [
              36.85556867279754,
              -1.316341330477471
            ],
            [
              36.854434885797524,
              -1.316769848477506
            ],
            [
              36.852729739797574,
              -1.316314547477461
            ],
            [
              36.85199768779753,
              -1.317037672477497
            ],
            [
              36.85082819079755,
              -1.317189439477474
            ],
            [
              36.849105189797534,
              -1.31785007147748
            ],
            [
              36.848694526797566,
              -1.318323226477489
            ],
            [
              36.84854275979753,
              -1.318903512477491
            ],
            [
              36.84797140179753,
              -1.319439159477483
            ],
            [
              36.84652515279756,
              -1.319501652477513
            ],
            [
              36.84549849479756,
              -1.320278341477476
            ],
            [
              36.844820007797544,
              -1.32043010847751
            ],
            [
              36.84424864979754,
              -1.320189066477483
            ],
            [
              36.843811204797554,
              -1.320296196477486
            ],
            [
              36.842784545797564,
              -1.320162284477462
            ],
            [
              36.84223104379756,
              -1.320599729477508
            ],
            [
              36.84061517279755,
              -1.321055030477496
            ],
            [
              36.83223228479758,
              -1.315966376477477
            ],
            [
              36.83099136779756,
              -1.314511200477498
            ],
            [
              36.82948262679755,
              -1.311663339477477
            ],
            [
              36.82399223679757,
              -1.30008442047749
            ],
            [
              36.82370868079757,
              -1.298958695477481
            ],
            [
              36.822557565797545,
              -1.296656466477473
            ],
            [
              36.82032140679754,
              -1.293110045477463
            ],
            [
              36.81650824379758,
              -1.28556573247748
            ],
            [
              36.81428132779754,
              -1.280756386477478
            ],
            [
              36.81401139979757,
              -1.280031326477499
            ],
            [
              36.81370206779754,
              -1.277931016477496
            ],
            [
              36.81335135879757,
              -1.276930118477467
            ],
            [
              36.812380014797576,
              -1.275215981477502
            ],
            [
              36.812333828797556,
              -1.274781090477504
            ],
            [
              36.81333916779757,
              -1.273525619477468
            ],
            [
              36.814392608797526,
              -1.273083078477484
            ],
            [
              36.814426280797555,
              -1.2717650744775
            ],
            [
              36.81480147879753,
              -1.270759735477484
            ],
            [
              36.81584529979752,
              -1.269605279477489
            ],
            [
              36.82002007579754,
              -1.269281848477462
            ],
            [
              36.820652537797535,
              -1.269055969477492
            ],
            [
              36.823340499797574,
              -1.268980676477483
            ],
            [
              36.827812906797554,
              -1.268438566477514
            ],
            [
              36.83214225679753,
              -1.26746728647747
            ],
            [
              36.83425112079757,
              -1.266909862477505
            ],
            [
              36.83759363779753,
              -1.264333916477469
            ],
            [
              36.83818477879756,
              -1.264683775477508
            ],
            [
              36.83969279179754,
              -1.264285659477466
            ],
            [
              36.84274500879754,
              -1.264599326477466
            ]
          ]
        ]
      }
    },
    {
      "type": "Feature",
      "properties": {
        "county_code": 47,
        "county_name": "Nairobi",
        "subcounty_name": "Westlands",
        "expected_ward_count": 5,
        "source_subcounty_name": "WESTLANDS",
        "source_dataset": "HDX Kenya Elections constituencies.zip",
        "source_crs": "EPSG:4326",
        "output_crs": "EPSG:4326"
      },
      "geometry": {
        "type": "Polygon",
        "coordinates": [
          [
            [
              36.81926300479753,
              -1.206434634477475
            ],
            [
              36.834628272797566,
              -1.214937907477506
            ],
            [
              36.83550772879757,
              -1.21710013647747
            ],
            [
              36.83555254179756,
              -1.217744323477505
            ],
            [
              36.835110012797564,
              -1.220746796477485
            ],
            [
              36.83831974679756,
              -1.224701546477477
            ],
            [
              36.84085728479757,
              -1.229815833477503
            ],
            [
              36.84241453679757,
              -1.231541135477514
            ],
            [
              36.842941090797545,
              -1.232426192477462
            ],
            [
              36.84337241579757,
              -1.235142982477484
            ],
            [
              36.844319552797536,
              -1.243836469477501
            ],
            [
              36.84537154679756,
              -1.246386008477473
            ],
            [
              36.84633690579758,
              -1.247388496477513
            ],
            [
              36.846869091797565,
              -1.248242468477472
            ],
            [
              36.846807209797554,
              -1.249418226477517
            ],
            [
              36.84530966479755,
              -1.252165788477484
            ],
            [
              36.843069535797575,
              -1.257029715477515
            ],
            [
              36.842351703797554,
              -1.260235203477507
            ],
            [
              36.84252497379756,
              -1.260878776477498
            ],
            [
              36.84151010879756,
              -1.261695619477493
            ],
            [
              36.84120069879756,
              -1.262401074477495
            ],
            [
              36.84034672679754,
              -1.263453068477461
            ],
            [
              36.83849026679754,
              -1.263663467477486
            ],
            [
              36.83425753679753,
              -1.266918461477517
            ],
            [
              36.827747547797536,
              -1.268453135477487
            ],
            [
              36.82311877279758,
              -1.268997697477503
            ],
            [
              36.82064349279758,
              -1.269047202477495
            ],
            [
              36.81998754279757,
              -1.269282354477511
            ],
            [
              36.81585382479758,
              -1.269616517477502
            ],
            [
              36.81478945379754,
              -1.270804652477509
            ],
            [
              36.814418161797526,
              -1.271782388477491
            ],
            [
              36.814405784797565,
              -1.273081910477501
            ],
            [
              36.81334141479757,
              -1.273527460477496
            ],
            [
              36.812512195797545,
              -1.274468067477514
            ],
            [
              36.81232654979757,
              -1.274789854477476
            ],
            [
              36.81237605479756,
              -1.275049758477494
            ],
            [
              36.81138201079758,
              -1.274019288477505
            ],
            [
              36.809774278797555,
              -1.273049334477478
            ],
            [
              36.80794066679757,
              -1.271525753477463
            ],
            [
              36.79931737679757,
              -1.261653481477467
            ],
            [
              36.79495479779754,
              -1.261059993477474
            ],
            [
              36.79290416379754,
              -1.261059993477474
            ],
            [
              36.788962341797536,
              -1.260147616477511
            ],
            [
              36.780786381797576,
              -1.258858773477514
            ],
            [
              36.77955511579753,
              -1.258796767477506
            ],
            [
              36.76805330579756,
              -1.260791264477505
            ],
            [
              36.765580775797524,
              -1.262471772477497
            ],
            [
              36.76412873479753,
              -1.262999787477483
            ],
            [
              36.75850842479755,
              -1.263786732477499
            ],
            [
              36.75346689979752,
              -1.264192897477515
            ],
            [
              36.75458385379758,
              -1.2657464794775
            ],
            [
              36.756152666797526,
              -1.266690813477496
            ],
            [
              36.757173156797556,
              -1.267071593477497
            ],
            [
              36.75870135279754,
              -1.267030976477472
            ],
            [
              36.759970618797546,
              -1.267528529477474
            ],
            [
              36.76037678479755,
              -1.267838230477466
            ],
            [
              36.76221975879755,
              -1.270341223477474
            ],
            [
              36.76073725579757,
              -1.270996164477467
            ],
            [
              36.76076264179758,
              -1.270397070477472
            ],
            [
              36.76028489179756,
              -1.270269157477501
            ],
            [
              36.75922872279752,
              -1.270842684477473
            ],
            [
              36.75818195679758,
              -1.27110594347748
            ],
            [
              36.75822583279753,
              -1.271707677477466
            ],
            [
              36.758757551797565,
              -1.271905437477515
            ],
            [
              36.75883021979754,
              -1.272156472477477
            ],
            [
              36.75819602579755,
              -1.273332373477488
            ],
            [
              36.757568438797556,
              -1.273774988477485
            ],
            [
              36.75643217379754,
              -1.27355037847751
            ],
            [
              36.755969740797546,
              -1.273841050477515
            ],
            [
              36.755560157797525,
              -1.273834444477516
            ],
            [
              36.755031662797556,
              -1.273490922477479
            ],
            [
              36.754199282797536,
              -1.273530559477465
            ],
            [
              36.75120667979754,
              -1.275102832477487
            ],
            [
              36.75061872879754,
              -1.274983920477482
            ],
            [
              36.75002417179754,
              -1.274283664477466
            ],
            [
              36.749039849797576,
              -1.274158147477508
            ],
            [
              36.747791280797536,
              -1.275049982477512
            ],
            [
              36.74740812179757,
              -1.27516889447746
            ],
            [
              36.74612652179754,
              -1.274884827477465
            ],
            [
              36.74545929679757,
              -1.274977314477483
            ],
            [
              36.74412484679757,
              -1.276014486477479
            ],
            [
              36.74347083379754,
              -1.27684686547751
            ],
            [
              36.742152803797545,
              -1.277265398477468
            ],
            [
              36.73873483579754,
              -1.27793678547748
            ],
            [
              36.73452340979755,
              -1.275556414477464
            ],
            [
              36.73352184979753,
              -1.275454214477506
            ],
            [
              36.73235485879754,
              -1.273649395477478
            ],
            [
              36.73139609779755,
              -1.272964566477512
            ],
            [
              36.73057430379756,
              -1.272861842477469
            ],
            [
              36.72376025479755,
              -1.268068039477484
            ],
            [
              36.720130661797576,
              -1.264575411477481
            ],
            [
              36.71899567979758,
              -1.263185299477514
            ],
            [
              36.72419322979757,
              -1.25325915147748
            ],
            [
              36.72491619679757,
              -1.252184470477503
            ],
            [
              36.72606903679755,
              -1.251129328477461
            ],
            [
              36.72612765579756,
              -1.249956949477494
            ],
            [
              36.725561005797566,
              -1.247963903477498
            ],
            [
              36.72606903679755,
              -1.246654746477461
            ],
            [
              36.726674766797565,
              -1.245990398477475
            ],
            [
              36.728364617797546,
              -1.245703669477493
            ],
            [
              36.72854196379753,
              -1.241742937477497
            ],
            [
              36.729195382797535,
              -1.235321743477514
            ],
            [
              36.72938133579756,
              -1.234623347477495
            ],
            [
              36.72982414779758,
              -1.234301302477477
            ],
            [
              36.73022670479755,
              -1.234129300477477
            ],
            [
              36.73073172979755,
              -1.234308621477496
            ],
            [
              36.731646629797545,
              -1.23527109647749
            ],
            [
              36.73215165479754,
              -1.235395523477493
            ],
            [
              36.73372528379755,
              -1.23524181947748
            ],
            [
              36.73444256579753,
              -1.235468715477496
            ],
            [
              36.73473167479758,
              -1.235878590477498
            ],
            [
              36.735291593797534,
              -1.236131103477462
            ],
            [
              36.738903620797565,
              -1.236420211477466
            ],
            [
              36.741359213797544,
              -1.237064301477503
            ],
            [
              36.742757181797536,
              -1.236559276477508
            ],
            [
              36.74508136479758,
              -1.237310823477501
            ],
            [
              36.74656474779757,
              -1.237086387477504
            ],
            [
              36.747336246797566,
              -1.237226659477515
            ],
            [
              36.75606670479757,
              -1.221079305477517
            ],
            [
              36.757393684797556,
              -1.219006831477473
            ],
            [
              36.770734794797555,
              -1.226499174477497
            ],
            [
              36.77157630079753,
              -1.224764116477488
            ],
            [
              36.77236520679755,
              -1.223554461477463
            ],
            [
              36.77895700279756,
              -1.226850359477496
            ],
            [
              36.785121492797565,
              -1.21566634347748
            ],
            [
              36.78412874079756,
              -1.214780916477466
            ],
            [
              36.79038409879754,
              -1.209241364477507
            ],
            [
              36.790372626797556,
              -1.208937352477492
            ],
            [
              36.79008008679752,
              -1.208667757477472
            ],
            [
              36.78828182979756,
              -1.207572168477484
            ],
            [
              36.787513196797555,
              -1.20662571747748
            ],
            [
              36.78508186579753,
              -1.206294593477467
            ],
            [
              36.784812987797544,
              -1.20594729247749
            ],
            [
              36.78471775979752,
              -1.204356430477489
            ],
            [
              36.78527792279757,
              -1.203577803477501
            ],
            [
              36.78764180979757,
              -1.198631565477499
            ],
            [
              36.79166377979757,
              -1.191394261477499
            ],
            [
              36.80264857379753,
              -1.197203150477478
            ],
            [
              36.81926300479753,
              -1.206434634477475
            ]
          ]
        ]
      }
    }
  ]
}